ref_pos,domain,fel_alpha,fel_beta,fel_dNdS,fel_p,fel_class,meme_betaplus,meme_p,meme_class
1,signal_peptide,0.0,0.0,0.0,1.0,ns,0.0,1.0,ns
2,signal_peptide,0.0,0.0,0.0,1.0,ns,0.0,1.0,ns
3,signal_peptide,1.053,2.4735,1.4205,0.40752,ns,7.541,0.37957,ns
4,signal_peptide,2.327,0.4213,-1.9057,0.15888,ns,1.2746,0.66667,ns
5,signal_peptide,1.1362,0.7941,-0.3421,0.83085,ns,19.345,0.34018,ns
6,signal_peptide,0.0049,1.1544,1.1495,0.18644,ns,3.438,0.20843,ns
7,signal_peptide,1.0672,0.0001,-1.0671,0.097819,ns,0.085,0.66667,ns
8,signal_peptide,0.0,0.0,0.0,1.0,ns,0.0,1.0,ns
9,signal_peptide,0.0,0.0,0.0,1.0,ns,0.0,1.0,ns
10,signal_peptide,2.1471,0.8798,-1.2673,0.37606,ns,2.5307,0.66667,ns
11,signal_peptide,0.0,0.0,0.0,1.0,ns,0.0,1.0,ns
12,signal_peptide,0.0,0.0,0.0,1.0,ns,0.0,1.0,ns
13,signal_peptide,0.0097,0.3858,0.3761,0.46537,ns,48.051,0.33204,ns
14,signal_peptide,0.0,0.0,0.0,1.0,ns,0.0,1.0,ns
15,signal_peptide,0.0041,1.2652,1.2611,0.15627,ns,103.57,0.053789,ns
16,signal_peptide,0.0106,0.3533,0.3427,0.43528,ns,1.1591,0.39548,ns
17,signal_peptide,0.0,0.0,0.0,1.0,ns,0.0,1.0,ns
18,signal_peptide,0.0063,0.9623,0.956,0.31707,ns,2.92,0.31868,ns
19,signal_peptide,0.0095,0.3858,0.3764,0.54384,ns,1.2046,0.46506,ns
20,signal_peptide,0.0062,0.8275,0.8213,0.14871,ns,2.4261,0.1719,ns
21,linker,5.5013,1.1716,-4.3297,0.070279,ns,3.5339,0.66667,ns
22,linker,1.1083,2.7528,1.6445,0.3573,ns,8.307,0.34389,ns
23,linker,0.6734,0.7872,0.1138,0.93212,ns,2.3995,0.64061,ns
24,linker,0.0,0.0,0.0,1.0,ns,0.0,1.0,ns
25,linker,0.004,1.1859,1.1819,0.15914,ns,32.716,0.12132,ns
26,linker,0.0106,0.3533,0.3427,0.41257,ns,0.9948,0.37867,ns
27,linker,1.4228,0.898,-0.5248,0.64421,ns,2.9644,0.66667,ns
28,linker,3.3067,0.8186,-2.4881,0.13436,ns,2.5973,0.66667,ns
29,linker,3.3737,0.9911,-2.3826,0.17387,ns,6.2806,0.66667,ns
30,linker,2.1857,1.6436,-0.5421,0.82071,ns,14.235,0.63432,ns
31,linker,1.2023,1.3739,0.1716,0.88111,ns,4.2856,0.62263,ns
32,linker,5.3043,0.3385,-4.9658,0.02967,purifying,0.999,0.66667,ns
33,linker,2.487,0.3772,-2.1098,0.11805,ns,1.1941,0.66667,ns
34,linker,2.189,0.319,-1.87,0.10848,ns,5.0596,0.66667,ns
35,linker,3.3828,0.391,-2.9918,0.0454,purifying,0.5377,0.66667,ns
36,linker,0.0,0.0,0.0,1.0,ns,0.0,1.0,ns
37,linker,0.0097,0.3858,0.3761,0.46347,ns,81.441,0.26635,ns
38,TSP1_N,0.0,0.0,0.0,1.0,ns,0.0,1.0,ns
39,TSP1_N,2.7254,0.0,-2.7254,0.014321,purifying,0.37,0.66667,ns
40,TSP1_N,1.5449,1.8047,0.2598,0.85385,ns,5.5354,0.61326,ns
41,TSP1_N,0.0004,0.5232,0.5228,0.20522,ns,1.5743,0.22576,ns
42,TSP1_N,0.0,0.0,0.0,1.0,ns,0.0,1.0,ns
43,TSP1_N,0.5917,1.5772,0.9855,0.35405,ns,4.7252,0.34149,ns
44,TSP1_N,0.0,0.0,0.0,1.0,ns,0.0,1.0,ns
45,TSP1_N,0.0,1.337,1.337,0.22589,ns,9.0503,0.23175,ns
46,TSP1_N,1.9769,0.7785,-1.1984,0.46905,ns,2.287,0.66667,ns
47,TSP1_N,0.0,0.0,0.0,1.0,ns,0.0,1.0,ns
48,TSP1_N,1.8796,0.7909,-1.0887,0.38446,ns,142.55,0.049309,episodic
49,TSP1_N,0.0,0.0,0.0,1.0,ns,0.0,1.0,ns
50,TSP1_N,0.0,0.0,0.0,1.0,ns,0.0,1.0,ns
51,TSP1_N,0.0,1.9066,1.9066,0.17984,ns,16.368,0.17087,ns
52,TSP1_N,1.0071,0.3133,-0.6938,0.44159,ns,3.8031,0.66667,ns
53,TSP1_N,0.0,0.0,0.0,1.0,ns,0.0,1.0,ns
54,TSP1_N,0.0,0.0,0.0,1.0,ns,0.0,1.0,ns
55,TSP1_N,6.8511,2.9039,-3.9472,0.47587,ns,34.573,0.50108,ns
56,TSP1_N,0.0072,0.7744,0.7672,0.40138,ns,69.375,0.025771,episodic
57,TSP1_N,0.006,1.0898,1.0838,0.24867,ns,14.06,0.23419,ns
58,TSP1_N,1.0705,0.8947,-0.1758,0.90717,ns,4.2723,0.66667,ns
59,TSP1_N,0.5881,0.0001,-0.588,0.14889,ns,0.0655,0.66667,ns
60,TSP1_N,1.0488,0.0,-1.0488,0.16105,ns,0.2492,0.66667,ns
61,TSP1_N,0.8199,0.0001,-0.8198,0.11557,ns,0.0042,0.66667,ns
62,TSP1_N,3.7207,1.369,-2.3517,0.2907,ns,4.4313,0.66667,ns
63,TSP1_N,2.4757,0.3918,-2.0839,0.12472,ns,3.2505,0.66667,ns
64,TSP1_N,0.508,3.3151,2.8071,0.040519,positive,20.145,0.045521,episodic
65,TSP1_N,0.0108,0.3858,0.375,0.41641,ns,1.1264,0.38283,ns
66,TSP1_N,0.0,0.0,0.0,1.0,ns,0.0,1.0,ns
67,TSP1_N,2.1389,0.0,-2.1389,0.023936,purifying,0.3387,0.66667,ns
68,TSP1_N,1.0059,0.0,-1.0059,0.11955,ns,0.2477,0.66667,ns
69,TSP1_N,5.3963,0.0,-5.3963,0.0014828,purifying,0.4609,0.66667,ns
70,TSP1_N,1.0503,0.0,-1.0503,0.10766,ns,0.2195,0.66667,ns
71,TSP1_N,2.4445,0.0001,-2.4444,0.019349,purifying,0.3538,0.66667,ns
72,TSP1_N,3.9938,0.0,-3.9938,0.0028263,purifying,0.4231,0.66667,ns
73,TSP1_N,0.0109,0.3142,0.3032,0.46184,ns,0.9788,0.41222,ns
74,TSP1_N,0.0,0.0,0.0,1.0,ns,0.0,1.0,ns
75,TSP1_N,0.0,1.9892,1.9892,0.097701,ns,6.1432,0.12217,ns
76,TSP1_N,4.1935,2.4978,-1.6957,0.46162,ns,66.084,0.19123,ns
77,TSP1_N,4.0456,1.6058,-2.4398,0.21443,ns,4.8356,0.66667,ns
78,TSP1_N,0.0,0.0,0.0,1.0,ns,0.0,1.0,ns
79,TSP1_N,9.9447,0.0,-9.9447,4.5142e-05,purifying,0.544,0.66667,ns
80,TSP1_N,4.7044,0.3432,-4.3612,0.048177,purifying,82.865,0.43944,ns
81,TSP1_N,0.0106,0.3533,0.3427,0.50179,ns,1.0872,0.43928,ns
82,TSP1_N,3.8184,4.2181,0.3997,0.94729,ns,159.89,0.11804,ns
83,TSP1_N,0.7971,2.1754,1.3783,0.3182,ns,347.07,0.097111,ns
84,TSP1_N,0.0,0.0,0.0,1.0,ns,0.0,1.0,ns
85,TSP1_N,1.0831,2.1369,1.0538,0.51476,ns,12.412,0.45029,ns
86,TSP1_N,2.1671,1.8303,-0.3368,0.83132,ns,6.0888,0.66667,ns
87,TSP1_N,1.6398,2.8732,1.2334,0.61133,ns,8.4942,0.50112,ns
88,TSP1_N,4.1603,2.5226,-1.6377,0.57062,ns,23.617,0.66667,ns
89,TSP1_N,4.605,4.0318,-0.5732,0.84924,ns,42.385,0.38174,ns
90,TSP1_N,3.9511,0.0002,-3.9509,0.0075462,purifying,0.4259,0.66667,ns
91,TSP1_N,4.1639,0.0,-4.1639,0.0014934,purifying,0.4339,0.66667,ns
92,linker,2.0087,0.3786,-1.6301,0.31726,ns,4.2116,0.66667,ns
93,linker,0.0069,0.8043,0.7974,0.23941,ns,16.627,0.071204,ns
94,linker,0.0026,1.579,1.5764,0.14811,ns,4.839,0.1732,ns
95,linker,1.1509,0.7548,-0.3962,0.76177,ns,3.6351,0.6604,ns
96,LDLRA,2.1359,2.2137,0.0778,0.95185,ns,6.9312,0.64407,ns
97,LDLRA,0.0,0.0,0.0,1.0,ns,0.0,1.0,ns
98,LDLRA,0.8578,2.1648,1.307,0.37517,ns,13.077,0.35727,ns
99,LDLRA,1.9503,2.5496,0.5993,0.81323,ns,7.7407,0.59869,ns
100,LDLRA,0.0016,1.8085,1.8069,0.30776,ns,29.339,0.11688,ns
101,LDLRA,0.9422,0.0,-0.9421,0.11608,ns,0.2343,0.66667,ns
102,LDLRA,0.0,0.0,0.0,1.0,ns,0.0,1.0,ns
103,LDLRA,0.0079,0.7615,0.7535,0.38257,ns,137.49,0.13991,ns
104,LDLRA,0.0,0.0,0.0,1.0,ns,0.0,1.0,ns
105,LDLRA,0.0097,0.3858,0.3761,0.53824,ns,1.1662,0.46153,ns
106,LDLRA,0.0,0.0,0.0,1.0,ns,0.0,1.0,ns
107,LDLRA,0.0,0.0,0.0,1.0,ns,0.0,1.0,ns
108,LDLRA,2.0598,0.4775,-1.5823,0.32161,ns,6.43,0.66667,ns
109,LDLRA,0.0,0.0,0.0,1.0,ns,0.0,1.0,ns
110,LDLRA,1.7219,1.0316,-0.6903,0.58158,ns,3.9831,0.66667,ns
111,LDLRA,0.0,0.0,0.0,1.0,ns,0.0,1.0,ns
112,LDLRA,0.0002,1.4492,1.449,0.23504,ns,9.3472,0.20903,ns
113,LDLRA,0.7725,0.0,-0.7724,0.12074,ns,0.0746,0.66667,ns
114,LDLRA,0.5114,0.0,-0.5114,0.25084,ns,0.1744,0.66667,ns
115,LDLRA,0.8341,0.8852,0.0511,0.94772,ns,2.7504,0.64723,ns
116,LDLRA,2.0363,0.0,-2.0363,0.057709,ns,0.3239,0.66667,ns
117,LDLRA,0.0,0.0,0.0,1.0,ns,0.0,1.0,ns
118,LDLRA,4.8862,0.3494,-4.5368,0.0080788,purifying,6.6859,0.66667,ns
119,LDLRA,0.0,0.0,0.0,1.0,ns,0.0,1.0,ns
120,LDLRA,2.0838,1.0701,-1.0137,0.59275,ns,3.2474,0.66667,ns
121,LDLRA,1.0737,0.0,-1.0737,0.087676,ns,0.0851,0.66667,ns
122,LDLRA,0.0,0.0,0.0,1.0,ns,0.0,1.0,ns
123,LDLRA,0.0,0.0,0.0,1.0,ns,0.0,1.0,ns
124,LDLRA,2.2313,0.0001,-2.2312,0.014655,purifying,0.3514,0.66667,ns
125,LDLRA,3.4148,0.7524,-2.6624,0.16807,ns,107.95,0.12369,ns
126,LDLRA,1.0401,0.0,-1.0401,0.10452,ns,0.2623,0.66667,ns
127,LDLRA,27.842,0.0,-27.842,1.6559e-05,purifying,0.4806,0.66667,ns
128,LDLRA,0.0,0.0,0.0,1.0,ns,0.0,1.0,ns
129,LDLRA,0.0069,0.7146,0.7077,0.41074,ns,31.296,0.037698,episodic
130,LDLRA,1.9415,3.7533,1.8118,0.54867,ns,383.33,0.019704,episodic
131,LDLRA,0.0,0.0,0.0,1.0,ns,0.0,1.0,ns
132,LDLRA,3.9143,1.5415,-2.3728,0.45656,ns,4.5703,0.66667,ns
133,LDLRA,2.1584,0.0,-2.1584,0.051426,ns,0.25,0.66667,ns
134,linker,0.0,1.8638,1.8638,0.067019,ns,23.798,0.036213,episodic
135,MACPF,0.0,0.0,0.0,1.0,ns,0.0,1.0,ns
136,MACPF,1.1863,0.0,-1.1863,0.040121,purifying,0.2665,0.66667,ns
137,MACPF,2.2467,1.0033,-1.2434,0.40822,ns,3.0114,0.66667,ns
138,MACPF,0.5555,0.0,-0.5555,0.14607,ns,0.0662,0.66667,ns
139,MACPF,0.0,0.0,0.0,1.0,ns,0.0,1.0,ns
140,MACPF,0.6543,0.0001,-0.6542,0.15049,ns,0.2024,0.66667,ns
141,MACPF,2.2175,0.0001,-2.2174,0.048013,purifying,0.103,0.66667,ns
142,MACPF,0.0,0.0,0.0,1.0,ns,0.0,1.0,ns
143,MACPF,1.8255,0.7819,-1.0436,0.47801,ns,72.426,0.15107,ns
144,MACPF,0.0,1.1782,1.1782,0.21507,ns,3.5515,0.23524,ns
145,MACPF,3.6423,1.4818,-2.1605,0.37615,ns,11.466,0.65929,ns
146,MACPF,0.0088,3.4854,3.4766,0.027204,positive,10.68,0.040434,episodic
147,MACPF,1.0488,0.0,-1.0488,0.16105,ns,0.2492,0.66667,ns
148,MACPF,0.0,0.0,0.0,1.0,ns,0.0,1.0,ns
149,MACPF,0.0106,0.3533,0.3427,0.44877,ns,45.62,0.32018,ns
150,MACPF,0.0,0.0,0.0,1.0,ns,0.0,1.0,ns
151,MACPF,1.3822,0.0,-1.3822,0.076121,ns,0.1105,0.66667,ns
152,MACPF,0.0,0.0,0.0,1.0,ns,0.0,1.0,ns
153,MACPF,0.0,0.0,0.0,1.0,ns,0.0,1.0,ns
154,MACPF,0.9945,0.0,-0.9945,0.11501,ns,0.2453,0.66667,ns
155,MACPF,0.0,0.0,0.0,1.0,ns,0.0,1.0,ns
156,MACPF,1.0915,0.0002,-1.0913,0.098395,ns,0.0861,0.66667,ns
157,MACPF,0.0001,1.7348,1.7347,0.046306,positive,5.3,0.064699,ns
158,MACPF,4.8846,0.0,-4.8846,0.0043815,purifying,0.8636,0.66667,ns
159,MACPF,0.0006,1.7238,1.7232,0.30137,ns,63.027,0.0059914,episodic
160,MACPF,0.4317,0.0001,-0.4317,0.27456,ns,0.1374,0.66667,ns
161,MACPF,0.0,0.0,0.0,1.0,ns,0.0,1.0,ns
162,MACPF,0.0,0.0,0.0,1.0,ns,0.0,1.0,ns
163,MACPF,1.4067,2.4038,0.9971,0.59887,ns,20.68,0.30432,ns
164,MACPF,5.2738,0.0,-5.2738,9.0527e-05,purifying,0.9338,0.66667,ns
165,MACPF,0.0,0.0,0.0,1.0,ns,0.0,1.0,ns
166,MACPF,0.01,0.421,0.411,0.51206,ns,1.3005,0.44606,ns
167,MACPF,2.7729,2.4092,-0.3637,0.88577,ns,8.8672,0.66667,ns
168,MACPF,1.1332,1.1619,0.0287,0.97184,ns,3.5723,0.63938,ns
169,MACPF,0.0095,0.3858,0.3764,0.53919,ns,1.1903,0.46313,ns
170,MACPF,0.0106,2.705,2.6944,0.064998,ns,8.2958,0.08728,ns
171,MACPF,2.2175,0.0001,-2.2174,0.046246,purifying,0.1314,0.66667,ns
172,MACPF,1.0796,0.0,-1.0796,0.1025,ns,0.2562,0.66667,ns
173,MACPF,1.1242,0.7171,-0.4071,0.76082,ns,3.2689,0.66667,ns
174,MACPF,0.009,0.4506,0.4416,0.39455,ns,2.8582,0.36949,ns
175,MACPF,10000.0,0.0,-10000.0,1.3534e-05,purifying,0.0,0.66667,ns
176,MACPF,0.5841,0.0,-0.5841,0.16545,ns,0.1906,0.66667,ns
177,MACPF,0.7165,0.3855,-0.331,0.63882,ns,3.4578,0.66667,ns
178,MACPF,5.4117,0.0,-5.4117,0.0054274,purifying,0.4646,0.66667,ns
179,MACPF,2.8844,0.3193,-2.5651,0.073858,ns,5.0102,0.66667,ns
180,MACPF,2.9164,0.0,-2.9164,0.011235,purifying,0.3427,0.66667,ns
181,MACPF,1.214,0.0,-1.214,0.060002,ns,0.2672,0.66667,ns
182,MACPF,1.0542,0.0,-1.0542,0.086652,ns,0.0857,0.66667,ns
183,MACPF,0.0,0.0,0.0,1.0,ns,0.0,1.0,ns
184,MACPF,0.0,0.0,0.0,1.0,ns,0.0,1.0,ns
185,MACPF,0.0,0.0,0.0,1.0,ns,0.0,1.0,ns
186,MACPF,3.3606,0.3765,-2.9841,0.04105,purifying,152.92,0.31794,ns
187,MACPF,0.5763,0.7682,0.1919,0.81929,ns,34.506,0.44528,ns
188,MACPF,0.0069,0.7146,0.7077,0.2782,ns,100.79,0.10927,ns
189,MACPF,0.0,0.0,0.0,1.0,ns,0.0,1.0,ns
190,MACPF,1.2302,0.9795,-0.2507,0.82222,ns,4.1686,0.66439,ns
191,MACPF,0.0,0.0,0.0,1.0,ns,0.0,1.0,ns
192,MACPF,0.0,0.0,0.0,1.0,ns,0.0,1.0,ns
193,MACPF,0.0,0.0,0.0,1.0,ns,0.0,1.0,ns
194,MACPF,0.0,0.0,0.0,1.0,ns,0.0,1.0,ns
195,MACPF,4.8821,0.0,-4.8821,0.0046219,purifying,0.4521,0.66667,ns
196,MACPF,0.4909,4.6071,4.1162,0.038399,positive,132.27,0.00034605,episodic
197,MACPF,1.1136,0.3687,-0.7449,0.45913,ns,2035.0,0.005332,episodic
198,MACPF,0.0109,2.2346,2.2237,0.030152,positive,40.099,0.024822,episodic
199,MACPF,0.0,0.0,0.0,1.0,ns,0.0,1.0,ns
200,MACPF,0.0004,1.4199,1.4195,0.24878,ns,9.7337,0.24432,ns
201,MACPF,0.0,0.0,0.0,1.0,ns,0.0,1.0,ns
202,MACPF,2.015,1.0188,-0.9962,0.59456,ns,3.0998,0.66667,ns
203,MACPF,0.0,0.0,0.0,1.0,ns,0.0,1.0,ns
204,MACPF,0.0,0.0,0.0,1.0,ns,0.0,1.0,ns
205,MACPF,1.016,0.0,-1.016,0.11126,ns,0.2512,0.66667,ns
206,MACPF,0.0,0.0,0.0,1.0,ns,0.0,1.0,ns
207,MACPF,0.0,0.0,0.0,1.0,ns,0.0,1.0,ns
208,MACPF,1.748,2.9983,1.2503,0.49361,ns,9.1859,0.43321,ns
209,MACPF,0.01,0.421,0.411,0.53491,ns,1.2419,0.45995,ns
210,MACPF,0.0072,0.7536,0.7464,0.26271,ns,28.392,0.21606,ns
211,MACPF,0.0094,2.4755,2.4661,0.12576,ns,336.89,0.0011052,episodic
212,MACPF,0.0,0.0,0.0,1.0,ns,0.0,1.0,ns
213,MACPF,2.6511,0.0,-2.6511,0.012746,purifying,0.3716,0.66667,ns
214,MACPF,1.0607,0.0,-1.0607,0.12577,ns,0.3448,0.66667,ns
215,MACPF,4.2069,0.0,-4.2069,0.0048513,purifying,0.4262,0.66667,ns
216,MACPF,0.0109,0.3142,0.3032,0.4784,ns,0.9735,0.42362,ns
217,MACPF,0.0,0.0,0.0,1.0,ns,0.0,1.0,ns
218,MACPF,0.8825,5.4248,4.5423,0.069276,ns,16.578,0.089198,ns
219,MACPF,0.0106,2.705,2.6944,0.045302,positive,22.278,0.040758,episodic
220,MACPF,1.0,0.7006,-0.2994,0.77668,ns,3.541,0.66667,ns
221,MACPF,0.0005,0.8644,0.8639,0.51909,ns,48.088,0.15914,ns
222,MACPF,1.8809,0.7712,-1.1097,0.50618,ns,2.0508,0.66667,ns
223,MACPF,0.0025,1.612,1.6095,0.21816,ns,4.9706,0.23904,ns
224,MACPF,0.0079,0.6443,0.6364,0.49123,ns,1.9954,0.43505,ns
225,MACPF,0.0049,1.1544,1.1495,0.16102,ns,3.5378,0.18536,ns
226,MACPF,0.0005,1.5895,1.589,0.24142,ns,21.859,0.18293,ns
227,MACPF,0.0098,2.426,2.4162,0.05739,ns,7.4796,0.076747,ns
228,MACPF,0.0,0.0,0.0,1.0,ns,0.0,1.0,ns
229,MACPF,2.0987,1.5487,-0.55,0.72522,ns,12.644,0.65732,ns
230,MACPF,0.9048,1.8304,0.9256,0.52164,ns,5.5404,0.45243,ns
231,MACPF,1.0371,0.4175,-0.6196,0.52918,ns,5.1645,0.60215,ns
232,MACPF,10.929,0.3861,-10.5429,0.0010176,purifying,1.0243,0.66667,ns
233,MACPF,0.0025,1.612,1.6095,0.19392,ns,40.211,0.039051,episodic
234,MACPF,0.8545,1.2504,0.3959,0.73673,ns,3.8224,0.56401,ns
235,MACPF,0.0027,1.2802,1.2775,0.14584,ns,3.8704,0.17199,ns
236,MACPF,3.0646,1.8597,-1.2049,0.76566,ns,5.8291,0.66667,ns
237,MACPF,0.0,0.0,0.0,1.0,ns,0.0,1.0,ns
238,MACPF,0.0,1.8128,1.8128,0.092482,ns,10.421,0.097167,ns
239,MACPF,0.0108,0.3858,0.375,0.55478,ns,1.1399,0.47109,ns
240,MACPF,0.0054,1.018,1.0126,0.18939,ns,46.824,0.025126,episodic
241,MACPF,4.131,0.8169,-3.3141,0.20926,ns,36.771,0.46534,ns
242,MACPF,9.3559,0.0,-9.3559,9.1926e-06,purifying,1.1195,0.66667,ns
243,MACPF,0.0106,0.3533,0.3427,0.4469,ns,1.1332,0.4042,ns
244,MACPF,1.1794,0.8243,-0.3551,0.82041,ns,47.857,0.11391,ns
245,MACPF,2.1292,3.2271,1.0979,0.57427,ns,9.7937,0.47974,ns
246,MACPF,0.01,3.6506,3.6406,0.10173,ns,10.478,0.12566,ns
247,MACPF,0.0004,1.7966,1.7962,0.10534,ns,5.5152,0.13034,ns
248,MACPF,0.0088,3.4854,3.4766,0.022941,positive,31.398,0.016728,episodic
249,MACPF,1.0785,4.9165,3.838,0.092707,ns,15.031,0.11499,ns
250,MACPF,1.2448,2.0092,0.7644,0.62082,ns,11.408,0.39584,ns
251,MACPF,0.0094,2.4755,2.4661,0.062549,ns,7.752,0.083949,ns
252,MACPF,2.0165,2.9505,0.934,0.63172,ns,55.235,0.062734,ns
253,MACPF,0.0041,1.3023,1.2982,0.14526,ns,18.554,0.070842,ns
254,MACPF,0.6033,0.7523,0.149,0.86893,ns,2.2765,0.62046,ns
255,MACPF,3.34,0.9216,-2.4184,0.27236,ns,249.17,0.061372,ns
256,MACPF,2.2331,1.4367,-0.7964,0.7202,ns,4.4423,0.66667,ns
257,MACPF,0.0093,3.943,3.9337,0.018279,positive,32.454,0.015225,episodic
258,MACPF,0.0107,3.4112,3.4005,0.0041988,positive,10.349,0.0074567,episodic
259,MACPF,1.7602,0.7871,-0.9731,0.5386,ns,9.2756,0.63446,ns
260,MACPF,1.0424,0.5925,-0.4499,0.70767,ns,2.1486,0.66667,ns
261,MACPF,0.5825,0.8108,0.2284,0.77852,ns,2.5172,0.58525,ns
262,MACPF,0.0088,0.6261,0.6173,0.31046,ns,1.8988,0.31078,ns
263,MACPF,0.0015,1.1786,1.1771,0.56083,ns,3.5527,0.47935,ns
264,MACPF,5.6547,0.0,-5.6547,0.0031473,purifying,0.489,0.66667,ns
265,MACPF,3.1994,2.6925,-0.5069,0.81906,ns,8.2467,0.66667,ns
266,MACPF,1.057,0.352,-0.7049,0.45233,ns,4.0334,0.66667,ns
267,MACPF,1.3368,0.0,-1.3368,0.081694,ns,0.2807,0.66667,ns
268,MACPF,1.9075,1.1343,-0.7732,0.67629,ns,3.3002,0.66667,ns
269,MACPF,2.257,3.7839,1.5269,0.6179,ns,40.573,0.17275,ns
270,MACPF,0.0,1.9407,1.9407,0.023273,positive,6.0041,0.035344,episodic
271,MACPF,0.0106,0.3533,0.3427,0.55922,ns,1.1092,0.47305,ns
272,MACPF,0.0095,0.3858,0.3764,0.41975,ns,1.2179,0.38627,ns
273,MACPF,0.0,1.4461,1.4461,0.099823,ns,4.4206,0.1252,ns
274,MACPF,0.0001,1.5359,1.5358,0.23338,ns,4.7186,0.25214,ns
275,MACPF,1.2288,2.5149,1.2861,0.3612,ns,7.7976,0.34498,ns
276,MACPF,0.0111,2.3248,2.3137,0.061713,ns,95.411,0.052228,ns
277,MACPF,2.0598,0.4775,-1.5823,0.33571,ns,6.7655,0.66667,ns
278,MACPF,0.0,0.0,0.0,1.0,ns,0.0,1.0,ns
279,MACPF,2.4593,0.3211,-2.1382,0.18776,ns,1.4166,0.66667,ns
280,MACPF,0.6543,0.0001,-0.6542,0.17056,ns,0.2006,0.66667,ns
281,MACPF,0.0,0.0,0.0,1.0,ns,0.0,1.0,ns
282,MACPF,0.0,0.0,0.0,1.0,ns,0.0,1.0,ns
283,MACPF,0.0081,0.6825,0.6744,0.42979,ns,2.0999,0.39607,ns
284,MACPF,0.0,0.0,0.0,1.0,ns,0.0,1.0,ns
285,MACPF,5.4958,1.3068,-4.189,0.17825,ns,87.818,0.23999,ns
286,MACPF,0.4901,0.0,-0.4901,0.25211,ns,0.1646,0.66667,ns
287,MACPF,0.0,0.0,0.0,1.0,ns,0.0,1.0,ns
288,MACPF,1.0261,1.1239,0.0978,1.0,ns,41.799,0.39969,ns
289,MACPF,0.0,0.0,0.0,1.0,ns,0.0,1.0,ns
290,MACPF,0.0,0.0,0.0,1.0,ns,0.0,1.0,ns
291,MACPF,0.0111,0.2603,0.2492,0.873,ns,0.8001,0.62407,ns
292,MACPF,1.4515,0.0,-1.4515,0.062036,ns,0.2946,0.66667,ns
293,MACPF,2.1517,1.5533,-0.5984,0.79065,ns,3.809,0.66667,ns
294,MACPF,2.1906,0.0,-2.1906,0.015302,purifying,0.3459,0.66667,ns
295,MACPF,0.0069,0.7146,0.7077,0.41098,ns,2.2164,0.38482,ns
296,MACPF,0.0,0.0,0.0,1.0,ns,0.0,1.0,ns
297,MACPF,0.0,0.0,0.0,1.0,ns,0.0,1.0,ns
298,MACPF,0.0,0.0,0.0,1.0,ns,0.0,1.0,ns
299,MACPF,8.3085,0.6136,-7.6949,0.012771,purifying,151.46,0.23483,ns
300,MACPF,1.0426,0.7852,-0.2574,0.81397,ns,77.939,0.38933,ns
301,MACPF,3.5233,0.3457,-3.1776,0.033197,purifying,5.1568,0.66667,ns
302,MACPF,0.0,0.0,0.0,1.0,ns,0.0,1.0,ns
303,MACPF,0.47,0.0,-0.47,0.25156,ns,0.1617,0.66667,ns
304,MACPF,0.0095,0.3858,0.3764,0.54513,ns,25.486,0.40624,ns
305,MACPF,2.2743,1.1283,-1.146,0.59338,ns,3.3172,0.66667,ns
306,MACPF,0.0063,0.9518,0.9455,0.1433,ns,2.8585,0.16707,ns
307,MACPF,0.0072,0.7536,0.7464,0.2811,ns,2.2912,0.28801,ns
308,MACPF,2.1537,3.4062,1.2525,0.61705,ns,10.809,0.50742,ns
309,MACPF,0.0,0.0,0.0,1.0,ns,0.0,1.0,ns
310,MACPF,0.8576,0.0001,-0.8576,0.10343,ns,0.0791,0.66667,ns
311,MACPF,0.0082,0.6311,0.6229,0.43963,ns,47.675,0.23198,ns
312,MACPF,0.5941,0.7091,0.1151,0.91228,ns,2.2136,0.63237,ns
313,MACPF,0.0,0.0,0.0,1.0,ns,0.0,1.0,ns
314,MACPF,0.9422,0.0,-0.9421,0.11569,ns,0.2411,0.66667,ns
315,MACPF,0.0,0.0,0.0,1.0,ns,0.0,1.0,ns
316,MACPF,0.0,0.0,0.0,1.0,ns,0.0,1.0,ns
317,MACPF,2.2318,0.0007,-2.2311,0.020661,purifying,0.3411,0.66667,ns
318,MACPF,0.0,0.0,0.0,1.0,ns,0.0,1.0,ns
319,MACPF,0.0095,0.3858,0.3764,0.547,ns,2.5757,0.46105,ns
320,MACPF,0.0108,0.3858,0.375,0.54445,ns,1.1325,0.46501,ns
321,MACPF,2.1005,0.3957,-1.7048,0.27816,ns,4.8317,0.66667,ns
322,MACPF,2.5744,0.3716,-2.2028,0.085862,ns,5.3565,0.66667,ns
323,MACPF,0.0,0.0,0.0,1.0,ns,0.0,1.0,ns
324,MACPF,1.1242,0.7171,-0.4071,0.74853,ns,2.0149,0.66667,ns
325,MACPF,0.01,0.5,0.49,0.51028,ns,1.452,0.44533,ns
326,MACPF,0.0,0.0,0.0,1.0,ns,0.0,1.0,ns
327,MACPF,0.0,0.0,0.0,1.0,ns,0.0,1.0,ns
328,MACPF,0.0,0.0,0.0,1.0,ns,0.0,1.0,ns
329,MACPF,2.0363,0.0,-2.0363,0.069916,ns,0.3231,0.66667,ns
330,MACPF,0.9591,0.5682,-0.391,0.71492,ns,6.0226,0.58891,ns
331,MACPF,0.0023,2.1816,2.1793,0.065209,ns,6.6709,0.086624,ns
332,MACPF,2.3322,1.509,-0.8232,0.65538,ns,4.7019,0.66667,ns
333,MACPF,0.9449,0.0,-0.9449,0.11704,ns,0.2426,0.66667,ns
334,MACPF,0.0036,1.4934,1.4898,0.048819,positive,4.5554,0.066892,ns
335,MACPF,0.0002,1.6844,1.6842,0.12121,ns,71.565,0.043811,episodic
336,MACPF,1.016,0.0,-1.016,0.11085,ns,0.2512,0.66667,ns
337,MACPF,0.0,0.0,0.0,1.0,ns,0.0,1.0,ns
338,MACPF,2.0758,1.1571,-0.9187,0.65725,ns,3.2237,0.66667,ns
339,MACPF,0.0,0.0,0.0,1.0,ns,0.0,1.0,ns
340,MACPF,1.4412,0.0006,-1.4406,0.073576,ns,0.296,0.66667,ns
341,MACPF,1.1032,0.0,-1.1032,0.089534,ns,0.2646,0.66667,ns
342,MACPF,2.5915,1.4373,-1.1542,0.64727,ns,3.9928,0.66667,ns
343,MACPF,6.6353,0.0,-6.6353,0.0018934,purifying,0.4909,0.66667,ns
344,MACPF,0.7957,0.8479,0.0522,1.0,ns,2.614,0.66173,ns
345,MACPF,0.6209,0.0,-0.6208,0.22867,ns,0.1955,0.66667,ns
346,MACPF,1.8719,0.0,-1.8719,0.055467,ns,0.1242,0.66667,ns
347,MACPF,0.0,0.0,0.0,1.0,ns,0.0,1.0,ns
348,MACPF,0.0002,1.7619,1.7617,0.1995,ns,5.2579,0.22221,ns
349,MACPF,2.2318,0.0007,-2.2311,0.01769,purifying,0.3458,0.66667,ns
350,MACPF,0.8499,0.3789,-0.471,0.58098,ns,1.2337,0.66667,ns
351,MACPF,0.0041,1.2423,1.2382,0.16382,ns,3.7976,0.1878,ns
352,MACPF,1.0727,2.609,1.5363,0.41033,ns,8.0004,0.38016,ns
353,MACPF,3.0631,3.2719,0.2088,0.94667,ns,9.9052,0.65189,ns
354,MACPF,1.9613,0.8888,-1.0725,0.43402,ns,9.9958,0.59383,ns
355,MACPF,0.0097,3.1375,3.1278,0.0071075,positive,8.8822,0.011655,episodic
356,MACPF,0.001,1.1134,1.1124,0.56093,ns,33.789,0.083041,ns
357,MACPF,0.0086,2.8732,2.8646,0.03291,positive,18.24,0.036973,episodic
358,MACPF,3.4266,3.8533,0.4267,0.87357,ns,11.881,0.62006,ns
359,MACPF,0.0106,0.3533,0.3427,0.58186,ns,1.0872,0.48668,ns
360,MACPF,1.016,0.0,-1.016,0.11742,ns,0.2163,0.66667,ns
361,MACPF,5.4368,0.0,-5.4368,0.0010129,purifying,0.9007,0.66667,ns
362,MACPF,0.0111,2.2926,2.2815,0.10823,ns,109.31,0.030211,episodic
363,MACPF,0.0,0.0,0.0,1.0,ns,0.0,1.0,ns
364,MACPF,2.41,0.007,-2.403,0.024762,purifying,0.1479,0.66667,ns
365,MACPF,0.6543,0.0001,-0.6542,0.14998,ns,0.2024,0.66667,ns
366,MACPF,0.0,0.0,0.0,1.0,ns,0.0,1.0,ns
367,MACPF,0.0113,0.3408,0.3296,0.57472,ns,1.0375,0.48219,ns
368,MACPF,0.0089,0.5924,0.5835,0.34761,ns,1.7821,0.3376,ns
369,MACPF,1.1919,1.2303,0.0384,0.95998,ns,13.477,0.37052,ns
370,MACPF,1.0917,3.2997,2.208,0.26249,ns,10.305,0.27089,ns
371,MACPF,2.2156,2.5542,0.3386,0.87254,ns,21.759,0.42966,ns
372,MACPF,0.6112,3.6368,3.0256,0.045675,positive,11.221,0.062234,ns
373,MACPF,2.0173,2.7794,0.7621,0.64911,ns,51.214,0.35034,ns
374,MACPF,1.0591,3.7981,2.739,0.18254,ns,11.797,0.20205,ns
375,MACPF,2.1857,1.6436,-0.5421,0.79958,ns,24.161,0.35896,ns
376,MACPF,1.3378,4.8174,3.4796,0.17443,ns,14.671,0.19566,ns
377,MACPF,1.0,1.2216,0.2216,0.95761,ns,3.5535,0.63817,ns
378,MACPF,1.9505,0.3862,-1.5643,0.34125,ns,1.2505,0.66667,ns
379,MACPF,0.6364,0.7785,0.1421,0.88267,ns,2.353,0.62548,ns
380,MACPF,1.4504,1.6356,0.1852,0.90923,ns,5.041,0.63404,ns
381,MACPF,3.1726,1.6655,-1.5071,0.42652,ns,5.8547,0.66667,ns
382,MACPF,0.0081,3.8303,3.8222,0.057458,ns,11.921,0.077657,ns
383,MACPF,0.0002,1.2833,1.2831,0.19318,ns,25.519,0.17238,ns
384,MACPF,0.0106,0.3533,0.3427,0.56552,ns,1.1074,0.47695,ns
385,MACPF,1.0955,1.1491,0.0536,0.95526,ns,4.6509,0.66667,ns
386,MACPF,2.479,1.546,-0.933,0.72263,ns,11.512,0.60115,ns
387,MACPF,4.8507,1.3091,-3.5416,0.19911,ns,13.202,0.66667,ns
388,MACPF,0.0,0.0,0.0,1.0,ns,0.0,1.0,ns
389,MACPF,0.0006,1.1599,1.1593,0.28768,ns,3.5183,0.29472,ns
390,MACPF,1.7846,4.5818,2.7972,0.19068,ns,13.665,0.20898,ns
391,MACPF,0.0093,3.943,3.9337,0.11393,ns,23.982,0.081881,ns
392,MACPF,1.5582,1.115,-0.4432,0.77662,ns,16.969,0.45627,ns
393,MACPF,1.7393,0.4791,-1.2602,0.57266,ns,16.541,0.20941,ns
394,MACPF,0.0009,1.5683,1.5674,0.22503,ns,4.8226,0.24545,ns
395,MACPF,9.3373,1.4606,-7.8767,0.025803,purifying,4.4706,0.66667,ns
396,MACPF,0.0073,6.621,6.6137,0.0025284,positive,54.367,0.0022388,episodic
397,MACPF,0.0085,2.9668,2.9583,0.25393,ns,53.893,0.010414,episodic
398,MACPF,0.0072,0.7744,0.7672,0.36978,ns,2.3393,0.3554,ns
399,MACPF,0.0089,2.3345,2.3256,0.085485,ns,27.521,0.037099,episodic
400,MACPF,0.0098,3.0508,3.041,0.11504,ns,9.2863,0.14098,ns
401,MACPF,0.7013,4.5571,3.8558,0.076075,ns,14.04,0.096874,ns
402,MACPF,0.0,1.3082,1.3082,0.32113,ns,7.9109,0.26083,ns
403,MACPF,2.2673,0.372,-1.8953,0.08898,ns,5.2753,0.66667,ns
404,MACPF,0.0073,0.8575,0.8502,0.24728,ns,2.5882,0.26108,ns
405,MACPF,0.0072,0.7744,0.7672,0.17794,ns,17.805,0.1788,ns
406,MACPF,0.0102,3.3034,3.2932,0.065612,ns,10.182,0.086198,ns
407,MACPF,0.0106,0.3533,0.3427,0.56775,ns,1.0872,0.47856,ns
408,MACPF,1.1494,0.8527,-0.2967,0.81802,ns,2.281,0.66667,ns
409,MACPF,0.01,0.421,0.411,0.30419,ns,1.2816,0.30234,ns
410,MACPF,0.0,0.0,0.0,1.0,ns,0.0,1.0,ns
411,MACPF,1.5418,0.9969,-0.5449,0.6189,ns,2.7713,0.66667,ns
412,MACPF,0.0,1.9407,1.9407,0.094851,ns,5.9114,0.11968,ns
413,MACPF,0.01,0.421,0.411,0.53369,ns,1.2694,0.4591,ns
414,MACPF,0.0,0.0,0.0,1.0,ns,0.0,1.0,ns
415,MACPF,0.6425,0.0018,-0.6406,0.14932,ns,0.2145,0.66667,ns
416,MACPF,0.0,0.0,0.0,1.0,ns,0.0,1.0,ns
417,MACPF,1.0542,0.0,-1.0542,0.096166,ns,0.0856,0.66667,ns
418,MACPF,0.0,0.0,0.0,1.0,ns,0.0,1.0,ns
419,MACPF,1.5996,0.3605,-1.2391,0.20687,ns,1.0689,0.66667,ns
420,MACPF,0.0079,0.6443,0.6364,0.32317,ns,1.8882,0.31893,ns
421,MACPF,1.0317,0.3552,-0.6765,0.46817,ns,4.1991,0.62822,ns
422,MACPF,0.905,0.784,-0.121,0.90146,ns,135.31,0.27036,ns
423,MACPF,0.0,0.0,0.0,1.0,ns,0.0,1.0,ns
424,MACPF,2.2028,0.3416,-1.8612,0.22694,ns,1.6123,0.66667,ns
425,MACPF,1.9904,0.0001,-1.9903,0.057231,ns,0.0993,0.66667,ns
426,MACPF,0.3771,1.893,1.5158,0.31026,ns,63.197,0.0079289,episodic
427,MACPF,1.016,0.0,-1.016,0.1004,ns,0.2163,0.66667,ns
428,MACPF,1.1044,0.0003,-1.1041,0.14456,ns,0.2609,0.66667,ns
429,MACPF,0.0,0.0,0.0,1.0,ns,0.0,1.0,ns
430,MACPF,0.0,0.0,0.0,1.0,ns,0.0,1.0,ns
431,MACPF,1.2514,1.8236,0.5722,0.66063,ns,22.415,0.44069,ns
432,MACPF,0.0001,2.0215,2.0214,0.083191,ns,11.908,0.095126,ns
433,MACPF,0.505,2.0925,1.5875,0.3046,ns,6.304,0.30446,ns
434,MACPF,0.0041,1.2652,1.2611,0.16808,ns,3.8387,0.19209,ns
435,MACPF,0.0,0.0,0.0,1.0,ns,0.0,1.0,ns
436,MACPF,3.7925,1.7584,-2.0341,0.36244,ns,13.107,0.66667,ns
437,MACPF,0.0,0.0,0.0,1.0,ns,0.0,1.0,ns
438,MACPF,1.0519,0.6931,-0.3588,0.73098,ns,2.1154,0.66667,ns
439,MACPF,2.1056,0.0001,-2.1055,0.067826,ns,0.299,0.66667,ns
440,MACPF,3.6287,1.307,-2.3217,0.17619,ns,8.1405,0.66667,ns
441,MACPF,0.0,0.0,0.0,1.0,ns,0.0,1.0,ns
442,MACPF,0.0,0.0,0.0,1.0,ns,0.0,1.0,ns
443,MACPF,2.1056,0.0001,-2.1055,0.021029,purifying,0.3408,0.66667,ns
444,MACPF,0.0106,0.3533,0.3427,0.44403,ns,70.334,0.2707,ns
445,MACPF,1.0672,0.0001,-1.0671,0.097699,ns,0.085,0.66667,ns
446,MACPF,1.1642,0.0001,-1.1641,0.086736,ns,0.2382,0.66667,ns
447,MACPF,0.0,0.0,0.0,1.0,ns,0.0,1.0,ns
448,MACPF,0.0,0.0,0.0,1.0,ns,0.0,1.0,ns
449,MACPF,1.0915,0.0002,-1.0913,0.097369,ns,0.0861,0.66667,ns
450,MACPF,2.206,0.0002,-2.2058,0.015122,purifying,0.3092,0.66667,ns
451,MACPF,2.3985,3.0509,0.6524,0.7829,ns,32.573,0.3779,ns
452,MACPF,1.435,0.0,-1.435,0.048579,purifying,0.2887,0.66667,ns
453,MACPF,3.2457,0.0,-3.2457,0.0095407,purifying,0.4004,0.66667,ns
454,MACPF,1.6447,1.4723,-0.1724,0.92948,ns,4.6028,0.66667,ns
455,MACPF,0.01,0.421,0.411,0.55104,ns,1.2272,0.46904,ns
456,MACPF,0.0095,0.3858,0.3764,0.40503,ns,1.188,0.37606,ns
457,MACPF,3.9421,1.3603,-2.5818,0.21596,ns,3.7618,0.66667,ns
458,MACPF,0.6049,1.2844,0.6795,0.49646,ns,56.295,0.070456,ns
459,MACPF,1.911,0.3206,-1.5904,0.13433,ns,1.0054,0.66667,ns
460,MACPF,1.1976,0.0,-1.1976,0.091652,ns,0.265,0.66667,ns
461,MACPF,3.7719,0.0001,-3.7718,0.0036018,purifying,0.8331,0.66667,ns
462,MACPF,2.1941,0.3735,-1.8206,0.24875,ns,4.6155,0.66667,ns
463,MACPF,1.0672,0.0001,-1.0671,0.097314,ns,0.0848,0.66667,ns
464,MACPF,2.5454,0.814,-1.7314,0.33422,ns,2.6515,0.66667,ns
465,MACPF,6.8066,0.0,-6.8066,3.353e-05,purifying,0.9675,0.66667,ns
466,MACPF,0.8879,0.0,-0.8879,0.10917,ns,0.2344,0.66667,ns
467,MACPF,0.0082,0.7309,0.7227,0.44797,ns,2.2467,0.40881,ns
468,MACPF,0.0,0.0,0.0,1.0,ns,0.0,1.0,ns
469,MACPF,0.0085,0.6725,0.664,0.29297,ns,24.054,0.24797,ns
470,MACPF,1.0553,0.3189,-0.7364,0.40881,ns,184.13,0.26418,ns
471,MACPF,1.214,0.0,-1.214,0.056767,ns,0.2672,0.66667,ns
472,MACPF,0.0,0.0,0.0,1.0,ns,0.0,1.0,ns
473,MACPF,0.0003,1.8629,1.8626,0.14732,ns,5.7089,0.17252,ns
474,MACPF,0.0,0.0,0.0,1.0,ns,0.0,1.0,ns
475,MACPF,0.0,0.0,0.0,1.0,ns,0.0,1.0,ns
476,MACPF,0.0001,1.933,1.9329,0.14064,ns,117.64,0.031707,episodic
477,MACPF,0.0,0.0,0.0,1.0,ns,0.0,1.0,ns
478,MACPF,0.0,0.0,0.0,1.0,ns,0.0,1.0,ns
479,MACPF,2.2157,0.0,-2.2157,0.014999,purifying,0.3402,0.66667,ns
480,MACPF,0.0005,2.0091,2.0086,0.11369,ns,52.351,0.019081,episodic
481,MACPF,0.0,0.0,0.0,1.0,ns,0.0,1.0,ns
482,MACPF,1.1457,1.2986,0.1529,0.90463,ns,4.0121,0.63287,ns
483,MACPF,1.0157,0.0,-1.0157,0.10882,ns,0.2427,0.66667,ns
484,MACPF,0.0,0.0,0.0,1.0,ns,0.0,1.0,ns
485,MACPF,4.0808,0.4627,-3.6181,0.081812,ns,1.4229,0.66667,ns
486,MACPF,0.01,0.421,0.411,0.32724,ns,48.163,0.25617,ns
487,MACPF,0.0106,0.3533,0.3427,0.44377,ns,2.3856,0.39873,ns
488,MACPF,0.0,0.0,0.0,1.0,ns,0.0,1.0,ns
489,MACPF,0.0,0.0,0.0,1.0,ns,0.0,1.0,ns
490,MACPF,5.6345,0.2764,-5.3581,0.0027361,purifying,1.5729,0.66667,ns
491,MACPF,3.4845,0.9228,-2.5617,0.15122,ns,35.127,0.52371,ns
492,MACPF,0.0,0.0,0.0,1.0,ns,0.0,1.0,ns
493,MACPF,0.0,0.0,0.0,1.0,ns,0.0,1.0,ns
494,MACPF,2.2359,0.0,-2.2359,0.019672,purifying,0.345,0.66667,ns
495,MACPF,3.7925,1.4357,-2.3568,0.30625,ns,552.37,0.077823,ns
496,EGF,0.0,0.0,0.0,1.0,ns,0.0,1.0,ns
497,EGF,11.851,0.0,-11.851,0.00033235,purifying,0.3827,0.66667,ns
498,EGF,1.6773,0.0,-1.6773,0.037466,purifying,0.2783,0.66667,ns
499,EGF,0.0109,0.3142,0.3032,0.58732,ns,0.9655,0.489,ns
500,EGF,1.1146,0.0,-1.1146,0.093942,ns,0.2778,0.66667,ns
501,EGF,0.6425,0.0018,-0.6406,0.14932,ns,0.2145,0.66667,ns
502,EGF,6.1412,0.0001,-6.1411,4.4128e-05,purifying,0.9369,0.66667,ns
503,EGF,3.4237,2.4725,-0.9512,0.63542,ns,6.9697,0.66667,ns
504,EGF,10000.0,0.254,-9999.746,0.39471,ns,0.7627,0.66667,ns
505,EGF,0.4317,0.0001,-0.4317,0.27436,ns,0.1374,0.66667,ns
506,EGF,0.8825,0.5218,-0.3607,0.85079,ns,56.936,0.0427,episodic
507,EGF,0.0097,0.3858,0.3761,0.56413,ns,1.1491,0.47642,ns
508,EGF,1.612,0.0005,-1.6115,0.033368,purifying,0.3033,0.66667,ns
509,EGF,0.9483,0.3803,-0.568,0.52624,ns,4.4294,0.61541,ns
510,EGF,5.0,0.0,-5.0,0.0052727,purifying,0.4658,0.66667,ns
511,EGF,0.0,0.0,0.0,1.0,ns,0.0,1.0,ns
512,EGF,16.169,0.0,-16.169,4.3002e-05,purifying,0.6037,0.66667,ns
513,EGF,1.7478,2.5077,0.7599,0.66509,ns,59.538,0.09895,ns
514,EGF,0.0,0.0,0.0,1.0,ns,0.0,1.0,ns
515,EGF,1.057,0.352,-0.7049,0.45384,ns,136.1,0.31154,ns
516,EGF,2.1468,0.3187,-1.8281,0.11706,ns,4.0295,0.66667,ns
517,EGF,2.25,0.8186,-1.4314,0.47039,ns,2.7161,0.66667,ns
518,EGF,0.0,0.0,0.0,1.0,ns,0.0,1.0,ns
519,EGF,0.0,0.0,0.0,1.0,ns,0.0,1.0,ns
520,EGF,1.0157,0.0,-1.0157,0.11339,ns,0.242,0.66667,ns
521,EGF,10.946,0.3717,-10.5743,0.0038157,purifying,2.1313,0.66667,ns
522,EGF,0.0,0.0,0.0,1.0,ns,0.0,1.0,ns
523,EGF,0.0,0.0,0.0,1.0,ns,0.0,1.0,ns
524,EGF,0.0,0.0,0.0,1.0,ns,0.0,1.0,ns
525,EGF,0.0,0.0,0.0,1.0,ns,0.0,1.0,ns
526,EGF,0.0109,0.3142,0.3032,0.35972,ns,751.41,0.050135,ns
527,EGF,0.4503,0.6066,0.1563,0.91651,ns,30.042,0.13462,ns
528,EGF,0.0089,0.5924,0.5835,0.33171,ns,1.8273,0.32504,ns
529,EGF,0.0089,6.9876,6.9787,0.0074949,positive,18.016,0.010928,episodic
530,EGF,1.1661,0.3631,-0.803,0.41899,ns,1.0734,0.66667,ns
531,EGF,0.0002,1.0743,1.0741,0.31303,ns,3.3133,0.31479,ns
532,EGF,0.0079,0.6443,0.6364,0.29398,ns,1.9768,0.29667,ns
533,EGF,0.0002,1.6116,1.6114,0.11039,ns,11.238,0.13002,ns
534,EGF,0.0004,1.2969,1.2965,0.31353,ns,12.075,0.1851,ns
535,EGF,3.0745,1.7828,-1.2917,0.57403,ns,4.2796,0.66667,ns
536,EGF,0.004,1.1859,1.1819,0.078486,ns,45.03,0.057529,ns
537,TSP1_C,0.004,1.1859,1.1819,0.19168,ns,3.6822,0.21351,ns
538,TSP1_C,5.4628,0.7367,-4.7261,0.083058,ns,2.3438,0.66667,ns
539,TSP1_C,0.0,0.0,0.0,1.0,ns,0.0,1.0,ns
540,TSP1_C,0.0001,1.2094,1.2093,0.15274,ns,3.6376,0.1785,ns
541,TSP1_C,0.0,0.0,0.0,1.0,ns,0.0,1.0,ns
542,TSP1_C,0.9931,0.6102,-0.383,0.66988,ns,1.4904,0.66667,ns
543,TSP1_C,1.0503,0.0,-1.0503,0.102,ns,0.2545,0.66667,ns
544,TSP1_C,0.0,0.0,0.0,1.0,ns,0.0,1.0,ns
545,TSP1_C,2.3973,0.0,-2.3973,0.01986,purifying,0.5709,0.66667,ns
546,TSP1_C,1.0286,1.1794,0.1508,0.89404,ns,3.6114,0.63054,ns
547,TSP1_C,0.0,0.0,0.0,1.0,ns,0.0,1.0,ns
548,TSP1_C,2.7791,0.0,-2.7791,0.0052102,purifying,0.314,0.66667,ns
549,TSP1_C,5.5223,2.4531,-3.0692,0.20607,ns,7.8001,0.66667,ns
550,TSP1_C,0.0,0.0,0.0,1.0,ns,0.0,1.0,ns
551,TSP1_C,0.0037,1.3081,1.3044,0.13235,ns,4.0617,0.15762,ns
552,TSP1_C,2.8204,1.8953,-0.9251,0.73312,ns,5.8654,0.66667,ns
553,TSP1_C,0.0004,1.6327,1.6323,0.12536,ns,4.9061,0.15106,ns
554,TSP1_C,0.0,1.6228,1.6228,0.21535,ns,8.4703,0.20278,ns
555,TSP1_C,0.9873,0.6181,-0.3691,0.74088,ns,3.2884,0.66667,ns
556,TSP1_C,2.124,1.8378,-0.2862,0.90074,ns,28.258,0.35468,ns
557,TSP1_C,0.6821,0.0001,-0.682,0.1878,ns,0.2046,0.66667,ns
558,TSP1_C,0.0001,1.5251,1.525,0.11286,ns,122.18,0.069197,ns
559,TSP1_C,1.4276,0.0001,-1.4275,0.072764,ns,0.0819,0.66667,ns
560,TSP1_C,0.9006,2.2286,1.328,0.39694,ns,6.8274,0.37449,ns
561,TSP1_C,0.0,0.0,0.0,1.0,ns,0.0,1.0,ns
562,TSP1_C,2.1353,0.0,-2.1353,0.048229,purifying,0.0939,0.66667,ns
563,TSP1_C,2.1353,0.0,-2.1353,0.048855,purifying,0.1293,0.66667,ns
564,TSP1_C,0.0,0.0,0.0,1.0,ns,0.0,1.0,ns
565,TSP1_C,1.1205,0.7635,-0.357,0.78454,ns,2.5146,0.66667,ns
566,TSP1_C,0.0,0.0,0.0,1.0,ns,0.0,1.0,ns
567,TSP1_C,0.0064,0.8106,0.8042,0.24704,ns,2.4643,0.25993,ns
568,TSP1_C,1.1306,4.4933,3.3627,0.14844,ns,13.673,0.17087,ns
569,TSP1_C,1.2738,0.9129,-0.3609,0.79156,ns,2440.6,0.11086,ns
570,TSP1_C,0.5937,0.0,-0.5937,0.16435,ns,0.1874,0.66667,ns
571,TSP1_C,1.8659,0.7688,-1.0971,0.49978,ns,2.2148,0.66667,ns
572,TSP1_C,1.0173,1.813,0.7957,0.62411,ns,5.545,0.51107,ns
573,TSP1_C,0.0,0.0,0.0,1.0,ns,0.0,1.0,ns
574,TSP1_C,1.0635,0.3077,-0.7558,0.40039,ns,3.9826,0.63961,ns
575,TSP1_C,1.1188,0.0,-1.1188,0.10261,ns,0.2607,0.66667,ns
576,TSP1_C,1.0063,0.3632,-0.6431,0.48702,ns,4.5567,0.64157,ns
577,TSP1_C,3.0738,1.444,-1.6298,0.42892,ns,4.3789,0.66667,ns
578,TSP1_C,0.993,2.1018,1.1088,0.55282,ns,6.4169,0.46737,ns
579,TSP1_C,0.0,0.0,0.0,1.0,ns,0.0,1.0,ns
580,TSP1_C,3.0898,1.5208,-1.569,0.46031,ns,34.907,0.41647,ns
581,TSP1_C,0.5953,0.7586,0.1633,0.84801,ns,2.3157,0.61478,ns
582,TSP1_C,0.001,1.1093,1.1083,0.30866,ns,3.3901,0.31226,ns
583,TSP1_C,2.1364,0.0001,-2.1363,0.056279,ns,0.3266,0.66667,ns
584,linker,0.0,0.0,0.0,1.0,ns,0.0,1.0,ns
