seq,Acritoscincus_duperreyi_C9A,Anniella_stebbinsi_C9A,Anolis_carolinensis_C9A,Anolis_carolinensis_C9B,Anolis_sagrei_C9A,Anolis_sagrei_C9B,Arizona_elegans_C9A,Arizona_elegans_C9B,Arizona_elegans_C9C,Aspidoscelis_tigris_C9A,Bothrops_jararaca_C9A,Bothrops_jararaca_C9B,Bradypodion_pumilum_C9A,Bungarus_multicinctus_C9A,Bungarus_multicinctus_C9B,Candoia_aspera_C9A,Carinascincus_ocellatus_C9A,Chrysopelea_ornata_C9A,Correlophus_ciliatus_C9A,Crotalus_adamanteus_C9A,Crotalus_adamanteus_C9B,Crotalus_tigris_C9A,Crotalus_tigris_C9B,Cryptoblepharus_egeriae_C9A,Cyclura_pinguis_C9A,Elgaria_multicarinata_C9A,Eublepharis_macularius_C9A,Furcifer_pardalis_C9A,Gambelia_wislizenii_C9A,Gekko_japonicus_C9A,Gekko_kuhli_C9A,Hemicordylus_capensis_C9A,Hemorrhois_hippocrepis_C9A,Hemorrhois_hippocrepis_C9B,Hemorrhois_hippocrepis_C9C,Hydrophis_cyanocinctus_C9A,Hydrophis_cyanocinctus_C9B,Hydrophis_major_C9A,Hydrophis_major_C9B,Lacerta_agilis_C9A,Laticauda_colubrina_C9A,Laticauda_colubrina_C9B,Laudakia_wui_C9A,Liasis_olivaceus_C9A,Malpolon_monspessulanus_C9A,Malpolon_monspessulanus_C9B,Masticophis_lateralis_C9A,Masticophis_lateralis_C9B,Mediodactylus_kotschyi_C9A,Naja_naja_C9A,Naja_naja_C9B,Notechis_scutatus_C9A,Notechis_scutatus_C9B,Pantherophis_obsoletus_C9A,Pantherophis_obsoletus_C9B,Pantherophis_obsoletus_C9C,Phrynosoma_blainvillii_C9A,Pituophis_catenifer_C9A,Pituophis_catenifer_C9B,Pituophis_catenifer_C9C,Plestiodon_gilberti_C9A,Podarcis_muralis_C9A,Podarcis_raffonei_C9A,Pogona_vitticeps_C9A,Protobothrops_mucrosquamatus_C9A,Pseudonaja_textilis_C9A,Pseudonaja_textilis_C9B,Ptyas_mucosa_C9A,Ptyas_mucosa_C9B,Python_bivittatus_C9A,Rhineura_floridana_C9A,Sceloporus_undulatus_C9A,Teratoscincus_roborowskii_C9A,Thamnophis_elegans_C9A,Thamnophis_elegans_C9B,Vipera_berus_C9A,Vipera_berus_C9B,Vipera_seoanei_C9A,Vipera_seoanei_C9B,Xantusia_vigilis_C9A,Zootoca_vivipara_C9A
Acritoscincus_duperreyi_C9A,100.0,71.05,68.78,69.51,69.15,69.57,68.16,68.1,66.9,68.44,68.27,68.22,70.42,65.92,66.72,68.56,95.68,67.41,71.24,68.04,67.01,68.22,66.84,94.77,70.47,71.27,73.39,70.26,71.32,67.64,67.24,74.91,68.1,67.93,67.3,66.67,67.36,66.72,67.53,75.4,66.9,65.69,68.14,68.45,68.04,67.36,67.47,67.3,68.0,66.67,67.01,67.13,67.36,67.47,67.78,67.07,70.98,67.76,68.33,67.07,87.3,74.89,74.2,69.68,67.93,67.53,67.53,67.64,66.95,68.68,76.9,70.7,71.65,66.95,65.92,67.58,67.24,68.04,67.13,76.99,74.77
Anniella_stebbinsi_C9A,71.05,100.0,70.92,71.36,71.12,71.31,68.05,68.28,66.2,67.82,68.05,68.28,71.31,66.15,66.44,68.57,71.22,68.05,68.09,68.05,66.72,68.28,66.96,71.22,72.28,88.05,70.35,71.32,73.77,66.78,66.26,70.45,67.59,67.48,65.92,66.09,66.44,66.03,66.38,71.56,66.61,65.4,69.82,68.29,66.96,65.16,67.3,66.43,67.08,66.32,66.49,66.67,66.38,67.71,67.53,66.49,71.82,67.88,68.34,66.55,72.92,71.1,70.75,71.88,67.88,67.13,66.72,67.42,65.97,68.75,73.76,72.11,70.29,67.36,65.39,68.11,67.53,68.05,67.3,73.18,70.75
Anolis_carolinensis_C9A,68.78,70.92,100.0,83.09,92.36,83.49,65.73,65.54,65.85,66.23,66.17,66.48,73.74,65.04,65.98,66.29,69.04,65.85,66.11,66.42,65.79,66.48,66.1,68.79,80.11,70.36,68.1,74.45,83.46,64.16,63.35,69.15,65.73,65.79,65.54,64.97,66.67,65.1,66.67,69.84,66.23,64.92,72.3,66.42,65.85,65.23,65.6,66.29,64.2,64.79,66.23,65.67,66.6,65.35,65.96,65.67,78.38,65.42,65.98,65.98,69.96,69.15,69.53,73.61,66.1,66.1,66.67,65.1,65.6,66.04,72.22,78.93,67.53,64.85,64.53,66.35,66.23,65.79,66.17,70.19,68.97
Anolis_carolinensis_C9B,69.51,71.36,83.09,100.0,83.74,93.67,66.67,67.01,66.27,67.52,67.81,68.21,73.9,64.89,65.75,67.01,68.84,66.27,67.4,68.1,65.98,68.21,66.21,68.94,80.32,71.25,69.85,74.15,83.14,65.35,65.18,68.25,66.32,66.44,66.55,64.89,66.27,64.89,66.38,69.67,66.04,65.52,72.7,67.41,66.95,66.15,66.72,66.09,65.86,65.52,65.86,65.52,66.04,66.21,66.71,66.15,79.7,66.32,67.35,66.32,70.23,68.65,68.54,72.36,67.41,65.58,66.21,65.81,65.98,67.36,73.74,79.86,69.32,65.98,65.06,67.53,66.21,67.07,66.27,70.05,69.05
Anolis_sagrei_C9A,69.15,71.12,92.36,83.74,100.0,84.45,66.48,66.42,66.23,66.42,67.11,67.48,73.69,65.6,66.04,66.48,69.29,66.29,66.54,67.42,66.35,67.48,66.54,69.29,81.13,71.12,69.16,74.22,83.99,65.41,64.85,69.78,66.29,66.29,66.29,65.85,66.85,65.91,66.85,69.72,66.54,65.54,72.87,67.23,66.35,65.98,66.1,66.67,65.14,65.35,66.35,66.42,66.73,66.17,66.46,66.1,79.58,66.48,66.67,66.42,70.96,69.53,69.91,72.81,67.04,66.98,66.73,66.04,66.29,67.29,73.3,79.83,68.28,65.29,64.91,67.04,67.11,66.92,67.04,70.51,69.16
Anolis_sagrei_C9B,69.57,71.31,83.49,93.67,84.45,100.0,66.21,66.72,65.29,67.29,67.01,67.35,73.91,64.49,64.6,66.55,68.95,65.98,66.33,67.35,65.12,67.35,65.46,68.77,80.0,71.03,69.45,73.76,83.05,64.38,64.43,67.63,66.21,66.04,65.18,64.66,65.01,64.66,65.23,69.1,64.55,64.6,72.32,66.72,66.27,65.23,66.21,65.23,64.93,65.29,64.55,65.29,64.66,65.92,65.96,65.18,79.32,65.86,66.95,65.41,69.77,68.65,68.59,72.49,66.44,65.23,65.06,65.58,65.17,66.49,72.6,79.55,68.59,65.52,64.2,66.72,65.46,66.27,65.41,69.82,68.82
Arizona_elegans_C9A,68.16,68.05,65.73,66.67,66.48,66.21,100.0,94.57,83.13,63.34,89.94,90.17,66.09,89.48,82.33,85.42,67.81,92.51,63.69,89.99,83.08,90.17,83.02,67.41,67.64,67.13,66.49,66.44,68.73,63.28,62.76,65.92,95.54,92.96,82.28,90.26,82.73,90.38,82.85,65.06,82.28,88.51,66.49,84.08,91.42,82.42,94.4,82.87,63.24,89.82,82.05,91.14,82.5,98.4,94.93,83.25,67.35,98.46,95.03,82.79,68.96,64.66,64.71,66.61,89.71,90.68,82.73,94.68,82.85,84.59,69.71,66.72,65.69,89.71,80.03,89.59,83.3,89.37,83.25,67.07,65.17
Arizona_elegans_C9B,68.1,68.28,65.54,67.01,66.42,66.72,94.57,100.0,84.28,63.75,90.57,90.74,65.86,89.54,83.36,86.28,67.76,91.94,63.86,90.57,84.22,90.74,84.22,67.47,67.7,67.3,66.55,66.49,68.56,62.87,62.53,66.49,94.57,94.62,83.25,90.89,83.76,91.01,83.88,65.0,83.42,88.51,66.67,85.28,92.0,83.96,93.88,83.62,63.12,89.19,83.65,91.37,83.76,94.57,97.56,84.39,67.24,94.57,98.4,83.99,69.19,64.54,64.54,66.49,90.28,90.79,83.99,93.77,83.48,85.8,69.31,66.95,65.69,89.88,80.84,89.88,84.39,89.88,84.33,67.83,64.89
Arizona_elegans_C9C,66.9,66.2,65.85,66.27,66.23,65.29,83.13,84.28,100.0,62.43,83.3,83.53,64.08,81.42,91.37,82.22,66.61,84.62,62.2,83.42,88.51,83.53,88.34,66.55,66.67,65.8,64.32,64.88,67.12,61.44,61.32,65.41,83.42,83.45,95.03,82.3,91.71,82.36,91.6,65.34,91.71,83.7,65.75,80.81,83.3,91.92,82.62,96.21,61.5,81.82,91.77,82.45,91.54,83.42,84.04,98.74,65.35,83.36,84.05,98.11,67.47,64.6,64.71,65.41,83.65,82.68,91.37,83.19,96.56,81.96,67.53,65.23,63.8,81.65,88.41,83.3,88.68,83.08,88.74,65.85,64.31
Aspidoscelis_tigris_C9A,68.44,67.82,66.23,67.52,66.42,67.29,63.34,63.75,62.43,100.0,63.8,64.03,66.32,62.26,61.86,63.97,68.1,62.89,68.03,64.09,62.77,64.03,62.94,68.09,67.58,68.69,69.46,66.5,70.19,64.37,63.79,67.58,63.57,63.22,62.83,62.25,62.37,62.19,62.49,70.03,62.2,61.74,67.06,63.45,63.52,61.56,62.89,62.98,64.75,61.97,61.86,62.2,62.08,62.89,63.26,62.89,69.06,63.06,63.92,63.0,69.45,70.32,70.15,68.32,63.63,62.6,62.14,63.34,62.82,64.37,73.03,69.0,69.51,62.49,61.38,63.46,63.06,63.4,62.83,69.61,70.09
Bothrops_jararaca_C9A,68.27,68.05,66.17,67.81,67.11,67.01,89.94,90.57,83.3,63.8,100.0,98.28,65.86,87.19,82.96,86.45,67.76,88.22,64.26,98.11,84.45,98.28,84.62,67.58,68.21,68.23,67.24,66.32,68.67,62.24,62.01,66.9,89.71,89.23,82.56,88.26,83.82,88.37,83.82,65.8,83.25,86.85,66.9,85.85,89.59,83.22,89.19,83.22,62.6,88.11,83.36,89.08,83.48,89.88,90.24,83.48,67.47,89.82,90.51,83.25,69.07,65.52,65.86,66.9,97.03,88.22,83.53,89.48,83.13,86.54,69.71,67.07,65.64,87.36,80.21,95.48,85.02,95.65,84.91,67.42,65.75
Bothrops_jararaca_C9B,68.22,68.28,66.48,68.21,67.48,67.35,90.17,90.74,83.53,64.03,98.28,100.0,66.15,87.54,83.42,86.56,67.76,89.19,64.15,99.6,84.96,100.0,85.13,67.7,68.56,68.46,67.35,66.72,68.79,62.41,62.07,66.9,89.88,89.4,83.02,88.55,83.99,88.66,83.99,65.8,83.82,87.02,67.18,86.14,90.17,83.62,89.19,83.62,62.83,88.22,83.65,89.37,83.88,90.17,90.8,83.7,67.64,90.11,90.68,83.48,69.07,65.52,65.86,67.07,97.31,88.62,83.93,89.65,83.48,86.83,70.0,67.3,65.92,87.88,80.44,95.43,85.65,95.54,85.53,67.6,65.8
Bradypodion_pumilum_C9A,70.42,71.31,73.74,73.9,73.69,73.91,66.09,65.86,64.08,66.32,65.86,66.15,100.0,64.54,64.43,66.49,69.87,65.46,65.76,66.15,65.58,66.15,65.35,69.45,75.69,70.97,69.63,94.74,76.44,65.92,65.52,68.7,65.98,65.63,64.14,65.11,64.77,65.06,64.72,69.17,64.2,64.54,81.53,66.67,65.17,64.48,65.35,64.71,64.93,65.4,64.54,65.69,64.83,65.81,65.7,64.26,74.86,66.09,66.15,64.37,70.12,67.97,67.86,81.14,65.58,65.92,65.06,65.75,64.25,66.38,72.26,74.8,68.98,64.54,63.79,66.09,65.46,65.81,65.29,69.36,68.2
Bungarus_multicinctus_C9A,65.92,66.15,65.04,64.89,65.6,64.49,89.48,89.54,81.42,62.26,87.19,87.54,64.54,100.0,81.36,83.3,65.69,88.41,62.71,87.36,81.65,87.54,81.65,65.46,66.04,65.63,64.78,65.34,66.67,61.84,61.26,64.55,89.99,88.89,80.33,93.37,81.42,93.54,81.53,63.45,81.19,90.85,64.78,82.47,90.05,81.39,89.37,80.92,61.61,91.55,81.19,94.18,81.42,89.77,89.67,81.36,64.78,89.77,89.71,81.02,67.41,63.33,63.33,64.49,87.14,93.61,81.42,89.94,81.01,82.93,67.82,64.2,63.57,86.96,78.94,87.08,81.88,87.14,81.7,65.39,63.1
Bungarus_multicinctus_C9B,66.72,66.44,65.98,65.75,66.04,64.6,82.33,83.36,91.37,61.86,82.96,83.42,64.43,81.36,100.0,81.76,66.38,82.96,63.06,83.36,88.56,83.42,88.51,66.21,66.9,65.97,65.01,65.05,66.55,61.15,61.15,65.46,82.28,82.82,89.94,82.47,95.77,82.47,95.6,64.66,96.11,84.28,65.18,80.53,83.19,92.1,81.65,90.86,61.5,81.76,96.63,82.68,96.28,82.33,83.1,91.14,65.46,82.62,83.3,91.02,67.53,64.02,64.43,65.41,82.9,82.73,96.28,82.16,90.59,81.21,67.24,65.41,63.92,80.73,86.8,82.85,88.97,82.5,89.02,66.26,63.85
Candoia_aspera_C9A,68.56,68.57,66.29,67.01,66.48,66.55,85.42,86.28,82.22,63.97,86.45,86.56,66.49,83.3,81.76,100.0,68.27,85.19,64.66,86.39,82.56,86.56,82.73,67.64,68.73,68.86,67.53,66.78,69.13,63.68,63.28,66.9,85.25,84.94,81.48,84.36,82.33,84.42,82.45,67.13,81.7,83.08,67.24,88.95,85.88,82.02,84.62,81.61,64.4,82.68,81.53,84.85,82.39,85.08,86.05,82.33,67.87,85.25,85.93,81.82,69.19,66.95,66.95,68.44,85.93,84.56,82.33,85.42,82.04,89.52,71.15,67.53,65.92,84.11,78.43,85.65,82.79,86.11,82.68,67.19,67.3
Carinascincus_ocellatus_C9A,95.68,71.22,69.04,68.84,69.29,68.95,67.81,67.76,66.61,68.1,67.76,67.76,69.87,65.69,66.38,68.27,100.0,67.07,70.66,67.58,66.38,67.76,66.27,95.28,70.26,71.28,73.11,69.82,71.46,67.41,66.78,74.71,67.76,67.64,66.72,66.26,66.84,66.38,67.01,75.14,66.49,65.52,68.21,67.99,67.47,67.07,67.3,66.9,67.88,66.15,66.72,66.67,66.84,67.13,67.46,66.78,70.15,67.41,67.99,66.55,87.6,74.68,74.17,69.92,67.7,67.18,67.01,67.24,66.49,68.56,76.99,69.98,71.4,65.81,65.34,67.3,66.72,67.7,66.61,76.97,74.8
Chrysopelea_ornata_C9A,67.41,68.05,65.85,66.27,66.29,65.98,92.51,91.94,84.62,62.89,88.22,89.19,65.46,88.41,82.96,85.19,67.07,100.0,63.0,89.14,83.48,89.19,83.3,66.78,67.41,66.96,65.87,66.26,68.5,62.01,61.61,65.58,93.08,90.26,83.65,89.25,83.3,89.37,83.36,64.66,83.25,87.71,66.78,83.22,90.57,83.39,91.31,84.48,62.66,88.36,83.08,89.55,83.42,92.4,92.12,84.73,66.84,92.51,91.94,84.39,68.44,64.37,64.48,65.98,88.45,89.38,83.42,92.11,83.94,84.02,68.62,66.04,64.89,89.31,81.01,88.34,83.99,88.11,83.93,66.78,64.66
Correlophus_ciliatus_C9A,71.24,68.09,66.11,67.4,66.54,66.33,63.69,63.86,62.2,68.03,64.26,64.15,65.76,62.71,63.06,64.66,70.66,63.0,100.0,64.09,61.86,64.15,62.49,70.52,66.78,69.05,79.55,65.64,67.74,75.24,74.79,68.76,63.69,64.31,62.03,63.22,63.57,63.34,63.52,69.33,63.57,62.83,65.93,65.06,63.46,62.08,63.52,62.58,74.81,63.17,62.94,63.06,63.63,63.8,63.64,62.31,67.29,63.86,63.97,62.14,72.36,69.33,69.05,66.38,63.97,63.4,63.57,63.4,62.59,65.17,71.06,67.85,78.27,63.17,61.55,64.15,62.49,64.43,62.49,69.93,68.37
Crotalus_adamanteus_C9A,68.04,68.05,66.42,68.1,67.42,67.35,89.99,90.57,83.42,64.09,98.11,99.6,66.15,87.36,83.36,86.39,67.58,89.14,64.09,100.0,84.79,99.6,84.96,67.64,68.56,68.05,67.3,66.61,68.84,62.36,62.01,66.67,89.71,89.35,82.85,88.6,83.76,88.6,83.76,65.86,83.7,86.96,67.07,85.97,90.11,83.39,89.02,83.51,62.72,88.05,83.42,89.42,83.76,89.88,90.68,83.59,67.64,89.94,90.51,83.36,68.9,65.63,65.86,66.95,97.26,88.68,83.82,89.48,83.36,86.66,70.06,67.24,65.98,87.59,80.21,95.48,85.48,95.48,85.48,67.48,65.98
Crotalus_adamanteus_C9B,67.01,66.72,65.79,65.98,66.35,65.12,83.08,84.22,88.51,62.77,84.45,84.96,65.58,81.65,88.56,82.56,66.38,83.48,61.86,84.79,100.0,84.96,97.94,66.49,66.95,66.32,65.29,65.52,66.61,60.86,60.46,65.75,83.19,83.16,88.05,82.13,88.79,82.25,88.68,65.46,88.56,82.73,65.35,82.59,83.65,88.32,82.33,88.62,60.92,82.22,89.02,82.33,88.97,83.08,83.67,88.85,65.58,83.02,83.7,88.56,67.47,64.94,65.29,65.46,84.28,82.39,88.85,83.02,88.47,83.33,68.28,65.69,63.86,81.88,85.14,84.73,96.28,84.28,96.17,67.36,65.29
Crotalus_tigris_C9A,68.22,68.28,66.48,68.21,67.48,67.35,90.17,90.74,83.53,64.03,98.28,100.0,66.15,87.54,83.42,86.56,67.76,89.19,64.15,99.6,84.96,100.0,85.13,67.7,68.56,68.46,67.35,66.72,68.79,62.41,62.07,66.9,89.88,89.4,83.02,88.55,83.99,88.66,83.99,65.8,83.82,87.02,67.18,86.14,90.17,83.62,89.19,83.62,62.83,88.22,83.65,89.37,83.88,90.17,90.8,83.7,67.64,90.11,90.68,83.48,69.07,65.52,65.86,67.07,97.31,88.62,83.93,89.65,83.48,86.83,70.0,67.3,65.92,87.88,80.44,95.43,85.65,95.54,85.53,67.6,65.8
Crotalus_tigris_C9B,66.84,66.96,66.1,66.21,66.54,65.46,83.02,84.22,88.34,62.94,84.62,85.13,65.35,81.65,88.51,82.73,66.27,83.3,62.49,84.96,97.94,85.13,100.0,66.38,67.12,66.55,65.58,65.52,66.78,61.03,60.75,65.75,83.08,83.05,87.76,82.19,88.85,82.3,88.74,65.46,88.45,82.73,65.69,82.47,83.53,88.37,82.39,88.33,61.27,82.33,88.79,82.39,88.97,83.02,83.42,88.68,65.69,82.96,83.7,88.39,67.47,65.11,65.34,65.75,84.51,82.45,88.79,82.9,88.12,83.28,68.74,65.86,64.32,81.7,84.8,84.73,96.05,84.39,95.94,67.07,65.29
Cryptoblepharus_egeriae_C9A,94.77,71.22,68.79,68.94,69.29,68.77,67.41,67.47,66.55,68.09,67.58,67.7,69.45,65.46,66.21,67.64,95.28,66.78,70.52,67.64,66.49,67.7,66.38,100.0,69.62,71.34,72.81,69.52,70.76,67.01,66.38,74.84,67.47,67.3,66.72,66.32,66.55,66.32,66.72,75.04,66.32,65.58,67.58,67.53,67.07,66.95,66.67,66.96,67.48,66.15,66.49,66.67,66.55,66.84,67.4,66.72,70.36,67.01,67.76,66.61,86.81,74.36,73.96,69.11,67.41,67.13,66.67,66.9,66.38,67.87,77.11,70.3,71.09,66.21,65.28,67.01,66.84,67.41,66.72,76.8,74.53
Cyclura_pinguis_C9A,70.47,72.28,80.11,80.32,81.13,80.0,67.64,67.7,66.67,67.58,68.21,68.56,75.69,66.04,66.9,68.73,70.26,67.41,66.78,68.56,66.95,68.56,67.12,69.62,100.0,72.05,70.76,75.66,86.63,66.21,65.58,69.72,67.3,67.47,66.72,66.95,66.67,67.01,66.67,70.07,66.49,66.27,75.8,68.33,67.24,66.15,67.41,67.36,65.57,66.95,66.44,66.9,66.55,67.24,68.03,66.72,82.43,67.35,67.7,66.84,71.58,69.56,69.56,75.9,68.04,67.3,66.9,67.3,66.67,68.56,74.09,82.97,69.65,66.9,65.17,68.1,67.41,67.87,67.35,70.85,69.67
Elgaria_multicarinata_C9A,71.27,88.05,70.36,71.25,71.12,71.03,67.13,67.3,65.8,68.69,68.23,68.46,70.97,65.63,65.97,68.86,71.28,66.96,69.05,68.05,66.32,68.46,66.55,71.34,72.05,100.0,70.18,70.92,73.48,67.07,66.38,70.34,67.01,66.78,66.03,65.74,66.44,65.8,66.38,72.77,66.2,65.22,69.53,67.88,66.55,65.57,66.55,66.09,66.9,65.8,66.09,66.15,66.26,66.67,66.96,66.09,71.88,66.67,67.3,66.2,72.23,71.91,72.14,71.94,67.71,66.67,66.38,66.49,65.57,68.0,74.68,71.31,70.4,66.9,64.64,67.76,66.78,68.05,66.67,72.54,72.08
Eublepharis_macularius_C9A,73.39,70.35,68.1,69.85,69.16,69.45,66.49,66.55,64.32,69.46,67.24,67.35,69.63,64.78,65.01,67.53,73.11,65.87,79.55,67.3,65.29,67.35,65.58,72.81,70.76,70.18,100.0,69.24,70.48,78.96,78.12,72.64,66.67,66.15,64.83,64.78,65.23,64.89,65.41,71.75,65.52,64.78,68.77,68.16,66.04,64.66,66.21,64.94,78.18,65.12,64.83,65.07,65.23,65.98,65.45,64.55,70.19,66.15,66.61,64.6,75.18,71.29,71.06,69.8,67.35,65.07,65.12,65.92,64.71,68.67,74.97,70.25,84.54,64.78,64.43,67.24,65.92,67.35,65.98,74.8,71.4
Furcifer_pardalis_C9A,70.26,71.32,74.45,74.15,74.22,73.76,66.44,66.49,64.88,66.5,66.32,66.72,94.74,65.34,65.05,66.78,69.82,66.26,65.64,66.61,65.52,66.72,65.52,69.52,75.66,70.92,69.24,100.0,76.87,66.44,65.63,68.82,66.49,66.21,64.42,65.57,65.11,65.51,65.05,69.34,64.65,65.11,81.29,67.19,65.92,64.94,66.09,65.34,65.33,66.32,65.0,66.03,65.23,66.32,66.02,65.05,75.11,66.55,66.61,65.05,70.36,68.09,67.98,80.24,66.15,66.38,65.52,66.32,64.93,67.24,72.34,74.94,68.76,65.28,64.3,66.55,65.57,66.32,65.4,69.83,68.03
Gambelia_wislizenii_C9A,71.32,73.77,83.46,83.14,83.99,83.05,68.73,68.56,67.12,70.19,68.67,68.79,76.44,66.67,66.55,69.13,71.46,68.5,67.74,68.84,66.61,68.79,66.78,70.76,86.63,73.48,70.48,76.87,100.0,67.07,67.12,70.17,68.1,68.04,66.61,67.01,67.07,67.07,67.07,72.05,66.67,66.55,76.59,68.67,68.5,66.61,67.98,67.59,66.96,67.12,66.44,67.41,66.84,68.21,68.65,67.12,84.94,68.56,68.96,67.35,72.32,71.54,71.49,77.5,68.16,67.93,67.24,67.87,67.13,68.9,75.23,85.5,70.73,67.93,65.98,68.84,67.24,68.04,67.12,71.53,71.54
Gekko_japonicus_C9A,67.64,66.78,64.16,65.35,65.41,64.38,63.28,62.87,61.44,64.37,62.24,62.41,65.92,61.84,61.15,63.68,67.41,62.01,75.24,62.36,60.86,62.41,61.03,67.01,66.21,67.07,78.96,66.44,67.07,100.0,94.78,67.53,62.87,62.52,60.86,61.66,61.67,61.72,61.61,66.84,61.44,61.32,64.83,64.42,62.36,61.08,62.36,61.24,88.57,61.49,60.92,61.67,61.49,62.76,62.24,61.32,65.86,62.87,62.76,61.15,68.95,66.32,66.38,65.69,62.59,62.36,61.61,62.53,61.48,64.71,69.72,66.09,79.58,61.67,61.01,62.3,61.09,62.36,61.15,68.41,66.44
Gekko_kuhli_C9A,67.24,66.26,63.35,65.18,64.85,64.43,62.76,62.53,61.32,63.79,62.01,62.07,65.52,61.26,61.15,63.28,66.78,61.61,74.79,62.01,60.46,62.07,60.75,66.38,65.58,66.38,78.12,65.63,67.12,94.78,100.0,66.95,62.53,62.18,60.75,61.37,61.55,61.49,61.49,66.61,61.21,61.15,64.38,63.79,62.01,60.62,61.95,60.89,88.45,61.44,60.63,61.55,61.38,62.47,61.8,61.21,65.23,62.64,62.41,61.03,68.38,66.15,66.26,65.01,62.24,62.07,61.38,62.07,61.01,63.9,69.55,65.75,79.19,61.44,60.78,61.61,60.86,61.61,60.92,67.83,66.03
Hemicordylus_capensis_C9A,74.91,70.45,69.15,68.25,69.78,67.63,65.92,66.49,65.41,67.58,66.9,66.9,68.7,64.55,65.46,66.9,74.71,65.58,68.76,66.67,65.75,66.9,65.75,74.84,69.72,70.34,72.64,68.82,70.17,67.53,66.95,100.0,66.27,66.15,65.52,64.83,66.15,64.89,66.09,73.02,65.98,64.15,67.06,67.3,65.52,65.4,66.15,65.86,67.19,64.15,65.81,65.23,65.98,65.98,66.27,65.81,68.19,65.86,66.32,65.75,77.23,73.07,73.41,68.31,66.84,65.41,66.09,66.15,65.34,67.13,75.06,68.87,70.96,64.89,64.08,66.72,66.21,66.84,66.27,77.93,72.96
Hemorrhois_hippocrepis_C9A,68.1,67.59,65.73,66.32,66.29,66.21,95.54,94.57,83.42,63.57,89.71,89.88,65.98,89.99,82.28,85.25,67.76,93.08,63.69,89.71,83.19,89.88,83.08,67.47,67.3,67.01,66.67,66.49,68.1,62.87,62.53,66.27,100.0,94.04,82.45,90.95,82.85,91.07,82.96,65.86,82.39,88.97,66.32,83.85,91.77,83.28,95.14,83.05,63.3,89.77,82.5,91.42,82.73,95.77,94.56,83.65,66.84,95.83,94.57,83.19,69.13,65.29,65.29,66.04,89.77,91.02,82.85,95.83,82.85,84.54,69.43,66.09,65.52,89.77,80.03,89.31,83.42,89.31,83.36,67.54,65.34
Hemorrhois_hippocrepis_C9B,67.93,67.48,65.79,66.44,66.29,66.04,92.96,94.62,83.45,63.22,89.23,89.4,65.63,88.89,82.82,84.94,67.64,90.26,64.31,89.35,83.16,89.4,83.05,67.3,67.47,66.78,66.15,66.21,68.04,62.52,62.18,66.15,94.04,100.0,82.76,90.07,83.22,90.19,83.28,65.34,82.76,88.14,65.92,83.53,91.01,83.42,92.5,83.25,62.71,87.86,82.82,90.49,83.1,93.3,94.17,83.56,66.61,93.3,94.56,83.39,68.96,64.94,65.23,65.86,89.12,89.86,83.45,93.36,82.99,84.22,69.03,66.44,65.29,88.37,80.17,89.18,83.45,89.12,83.51,67.07,65.11
Hemorrhois_hippocrepis_C9C,67.3,65.92,65.54,66.55,66.29,65.18,82.28,83.25,95.03,62.83,82.56,83.02,64.14,80.33,89.94,81.48,66.72,83.65,62.03,82.85,88.05,83.02,87.76,66.72,66.72,66.03,64.83,64.42,66.61,60.86,60.75,65.52,82.45,82.76,100.0,81.62,90.51,81.67,90.39,65.57,90.45,82.62,65.35,80.13,82.73,90.21,81.65,94.43,61.09,80.62,90.45,81.36,90.34,82.45,82.98,95.6,65.35,82.68,82.96,95.2,67.93,64.94,65.0,65.12,82.73,81.48,90.17,82.39,94.43,81.21,67.76,65.35,63.97,81.3,88.24,82.62,88.34,82.22,88.45,66.43,64.66
Hydrophis_cyanocinctus_C9A,66.67,66.09,64.97,64.89,65.85,64.66,90.26,90.89,82.3,62.25,88.26,88.55,65.11,93.37,82.47,84.36,66.26,89.25,63.22,88.6,82.13,88.55,82.19,66.32,66.95,65.74,64.78,65.57,67.01,61.66,61.37,64.83,90.95,90.07,81.62,100.0,82.7,99.71,82.82,64.13,82.25,92.78,65.29,83.42,91.18,82.16,89.92,81.75,62.01,91.65,82.19,97.88,82.7,90.44,90.85,82.65,65.23,90.49,90.84,82.25,68.04,63.79,63.39,64.66,87.86,96.0,82.7,90.38,82.01,83.94,68.28,64.66,63.86,88.26,80.29,87.74,82.59,87.92,82.65,66.08,63.85
Hydrophis_cyanocinctus_C9B,67.36,66.44,66.67,66.27,66.85,65.01,82.73,83.76,91.71,62.37,83.82,83.99,64.77,81.42,95.77,82.33,66.84,83.3,63.57,83.76,88.79,83.99,88.85,66.55,66.67,66.44,65.23,65.11,67.07,61.67,61.55,66.15,82.85,83.22,90.51,82.7,100.0,82.76,99.71,65.4,97.43,84.79,66.09,81.16,83.42,93.13,82.28,91.49,61.96,81.99,96.34,82.62,98.28,82.9,83.35,91.6,65.75,83.02,83.7,91.42,68.27,64.71,65.11,66.04,83.76,82.62,98.0,82.96,91.16,81.79,67.87,66.04,64.2,81.53,87.26,83.36,89.48,83.25,89.42,66.55,64.48
Hydrophis_major_C9A,66.72,66.03,65.1,64.89,65.91,64.66,90.38,91.01,82.36,62.19,88.37,88.66,65.06,93.54,82.47,84.42,66.38,89.37,63.34,88.6,82.25,88.66,82.3,66.32,67.01,65.8,64.89,65.51,67.07,61.72,61.49,64.89,91.07,90.19,81.67,99.71,82.76,100.0,82.88,64.08,82.3,92.96,65.35,83.48,91.35,82.21,90.15,81.81,62.13,91.77,82.25,97.94,82.76,90.55,90.97,82.7,65.29,90.61,90.95,82.3,68.1,63.62,63.44,64.72,87.97,96.05,82.76,90.49,82.07,83.99,68.22,64.72,63.97,88.55,80.34,87.86,82.7,88.03,82.76,66.14,63.79
Hydrophis_major_C9B,67.53,66.38,66.67,66.38,66.85,65.23,82.85,83.88,91.6,62.49,83.82,83.99,64.72,81.53,95.6,82.45,67.01,83.36,63.52,83.76,88.68,83.99,88.74,66.72,66.67,66.38,65.41,65.05,67.07,61.61,61.49,66.09,82.96,83.28,90.39,82.82,99.71,82.88,100.0,65.17,97.37,84.91,66.04,81.27,83.53,92.96,82.39,91.38,62.02,82.1,96.17,82.73,98.11,83.02,83.48,91.48,65.69,83.13,83.82,91.31,68.33,64.83,65.11,65.98,83.76,82.73,97.83,83.08,91.05,81.9,67.87,65.92,64.15,81.65,87.26,83.36,89.48,83.25,89.42,66.61,64.43
Lacerta_agilis_C9A,75.4,71.56,69.84,69.67,69.72,69.1,65.06,65.0,65.34,70.03,65.8,65.8,69.17,63.45,64.66,67.13,75.14,64.66,69.33,65.86,65.46,65.8,65.46,75.04,70.07,72.77,71.75,69.34,72.05,66.84,66.61,73.02,65.86,65.34,65.57,64.13,65.4,64.08,65.17,100.0,64.89,63.39,68.82,67.18,64.94,64.71,64.77,65.45,67.02,63.74,65.0,64.37,65.34,64.77,65.08,65.8,70.01,64.89,65.11,65.46,76.59,94.74,94.51,71.15,65.57,64.25,65.11,64.89,65.34,67.07,80.93,70.29,71.54,64.37,64.01,65.57,65.29,65.23,65.23,75.52,94.96
Laticauda_colubrina_C9A,66.9,66.61,66.23,66.04,66.54,64.55,82.28,83.42,91.71,62.2,83.25,83.82,64.2,81.19,96.11,81.7,66.49,83.25,63.57,83.7,88.56,83.82,88.45,66.32,66.49,66.2,65.52,64.65,66.67,61.44,61.21,65.98,82.39,82.76,90.45,82.25,97.43,82.3,97.37,64.89,100.0,84.96,65.29,80.64,83.48,92.33,81.59,91.49,61.67,81.65,96.68,82.39,97.71,82.45,83.17,91.6,65.46,82.56,83.36,91.31,67.81,64.08,64.48,65.06,83.13,82.5,97.66,82.39,90.94,81.33,67.99,65.58,64.03,80.96,87.09,83.13,89.25,82.9,89.31,66.43,64.02
Laticauda_colubrina_C9B,65.69,65.4,64.92,65.52,65.54,64.6,88.51,88.51,83.7,61.74,86.85,87.02,64.54,90.85,84.28,83.08,65.52,87.71,62.83,86.96,82.73,87.02,82.73,65.58,66.27,65.22,64.78,65.11,66.55,61.32,61.15,64.15,88.97,88.14,82.62,92.78,84.79,92.96,84.91,63.39,84.96,100.0,65.29,81.84,88.51,83.73,88.11,83.28,61.9,89.54,84.16,93.48,84.73,88.56,87.98,83.82,64.83,88.74,88.45,83.36,67.3,62.87,62.99,64.83,86.45,92.68,84.79,88.74,83.13,82.53,67.53,64.2,63.46,86.05,80.49,86.39,83.25,86.34,83.3,64.81,63.51
Laudakia_wui_C9A,68.14,69.82,72.3,72.7,72.87,72.32,66.49,66.67,65.75,67.06,66.9,67.18,81.53,64.78,65.18,67.24,68.21,66.78,65.93,67.07,65.35,67.18,65.69,67.58,75.8,69.53,68.77,81.29,76.59,64.83,64.38,67.06,66.32,65.92,65.35,65.29,66.09,65.35,66.04,68.82,65.29,65.29,100.0,66.95,66.49,65.35,65.52,66.38,64.64,65.12,65.35,65.64,65.92,65.86,65.39,65.86,73.6,66.27,66.61,65.92,69.49,67.91,68.03,86.69,66.78,65.86,66.21,66.21,65.69,67.24,71.35,73.77,68.08,65.69,65.17,66.9,65.92,66.78,65.75,68.61,68.25
Liasis_olivaceus_C9A,68.45,68.29,66.42,67.41,67.23,66.72,84.08,85.28,80.81,63.45,85.85,86.14,66.67,82.47,80.53,88.95,67.99,83.22,65.06,85.97,82.59,86.14,82.47,67.53,68.33,67.88,68.16,67.19,68.67,64.42,63.79,67.3,83.85,83.53,80.13,83.42,81.16,83.48,81.27,67.18,80.64,81.84,66.95,100.0,84.48,80.72,83.45,80.6,64.69,82.02,80.64,83.85,81.1,83.96,85.11,80.99,67.3,84.31,84.94,80.87,69.25,66.78,66.78,67.81,85.45,83.73,81.04,84.02,81.09,95.65,71.27,67.58,66.38,83.1,77.59,85.34,82.65,85.34,82.47,68.06,67.24
Malpolon_monspessulanus_C9A,68.04,66.96,65.85,66.95,66.35,66.27,91.42,92.0,83.3,63.52,89.59,90.17,65.17,90.05,83.19,85.88,67.47,90.57,63.46,90.11,83.65,90.17,83.53,67.07,67.24,66.55,66.04,65.92,68.5,62.36,62.01,65.52,91.77,91.01,82.73,91.18,83.42,91.35,83.53,64.94,83.48,88.51,66.49,84.48,100.0,84.02,90.79,83.22,62.89,89.37,83.08,91.48,83.42,91.48,91.74,83.42,66.84,91.37,91.94,83.19,69.07,64.48,64.37,66.09,89.37,91.19,83.65,91.48,82.9,85.62,69.02,66.55,64.83,88.62,81.07,89.77,83.93,89.59,84.05,67.65,64.6
Malpolon_monspessulanus_C9B,67.36,65.16,65.23,66.15,65.98,65.23,82.42,83.96,91.92,61.56,83.22,83.62,64.48,81.39,92.1,82.02,67.07,83.39,62.08,83.39,88.32,83.62,88.37,66.95,66.15,65.57,64.66,64.94,66.61,61.08,60.62,65.4,83.28,83.42,90.21,82.16,93.13,82.21,92.96,64.71,92.33,83.73,65.35,80.72,84.02,100.0,82.42,91.25,61.2,82.02,92.9,82.13,92.78,82.88,83.82,91.75,65.69,82.99,83.79,91.52,67.76,63.9,64.25,65.46,83.28,82.47,92.67,82.93,90.92,81.76,67.3,65.52,63.22,81.62,86.55,82.99,88.49,83.1,88.37,66.26,63.79
Masticophis_lateralis_C9A,67.47,67.3,65.6,66.72,66.1,66.21,94.4,93.88,82.62,62.89,89.19,89.19,65.35,89.37,81.65,84.62,67.3,91.31,63.52,89.02,82.33,89.19,82.39,66.67,67.41,66.55,66.21,66.09,67.98,62.36,61.95,66.15,95.14,92.5,81.65,89.92,82.28,90.15,82.39,64.77,81.59,88.11,65.52,83.45,90.79,82.42,100.0,82.18,62.78,88.97,81.59,90.39,82.05,94.57,93.55,82.73,66.44,94.51,93.77,82.39,68.9,64.37,64.37,65.69,89.02,89.94,82.22,94.8,82.16,84.02,68.91,65.92,65.12,89.48,79.52,88.74,82.85,88.56,82.79,67.31,64.54
Masticophis_lateralis_C9B,67.3,66.43,66.29,66.09,66.67,65.23,82.87,83.62,96.21,62.98,83.22,83.62,64.71,80.92,90.86,81.61,66.9,84.48,62.58,83.51,88.62,83.62,88.33,66.96,67.36,66.09,64.94,65.34,67.59,61.24,60.89,65.86,83.05,83.25,94.43,81.75,91.49,81.81,91.38,65.45,91.49,83.28,66.38,80.6,83.22,91.25,82.18,100.0,61.41,81.26,91.09,81.78,91.32,82.93,83.7,96.55,65.69,83.05,83.51,96.26,67.7,64.88,65.16,65.86,83.62,82.13,91.21,83.22,95.67,81.75,67.94,65.92,64.02,81.49,87.54,83.33,88.97,83.05,89.08,66.78,64.41
Mediodactylus_kotschyi_C9A,68.0,67.08,64.2,65.86,65.14,64.93,63.24,63.12,61.5,64.75,62.6,62.83,64.93,61.61,61.5,64.4,67.88,62.66,74.81,62.72,60.92,62.83,61.27,67.48,65.57,66.9,78.18,65.33,66.96,88.57,88.45,67.19,63.3,62.71,61.09,62.01,61.96,62.13,62.02,67.02,61.67,61.9,64.64,64.69,62.89,61.2,62.78,61.41,100.0,62.14,61.38,61.96,61.79,63.07,62.83,61.38,65.39,63.24,63.12,61.38,69.61,66.84,66.84,65.16,62.78,62.54,61.85,62.89,61.42,64.4,70.22,66.38,79.54,62.43,61.77,63.01,61.27,63.01,61.32,68.72,66.9
Naja_naja_C9A,66.67,66.32,64.79,65.52,65.35,65.29,89.82,89.19,81.82,61.97,88.11,88.22,65.4,91.55,81.76,82.68,66.15,88.36,63.17,88.05,82.22,88.22,82.33,66.15,66.95,65.8,65.12,66.32,67.12,61.49,61.44,64.15,89.77,87.86,80.62,91.65,81.99,91.77,82.1,63.74,81.65,89.54,65.12,82.02,89.37,82.02,88.97,81.26,62.14,100.0,81.82,92.12,81.99,89.82,88.99,81.93,65.64,89.59,89.48,81.53,67.75,63.05,63.28,65.18,88.05,91.61,81.93,89.14,81.3,82.7,67.41,65.12,63.75,86.85,79.23,87.59,82.68,87.42,82.62,65.45,63.33
Naja_naja_C9B,67.01,66.49,66.23,65.86,66.35,64.55,82.05,83.65,91.77,61.86,83.36,83.65,64.54,81.19,96.63,81.53,66.72,83.08,62.94,83.42,89.02,83.65,88.79,66.49,66.44,66.09,64.83,65.0,66.44,60.92,60.63,65.81,82.5,82.82,90.45,82.19,96.34,82.25,96.17,65.0,96.68,84.16,65.35,80.64,83.08,92.9,81.59,91.09,61.38,81.82,100.0,82.39,96.86,82.45,83.35,91.54,65.52,82.45,83.53,91.48,68.21,64.54,64.94,65.23,83.19,82.5,96.86,82.39,90.94,81.39,67.24,65.41,63.86,80.67,87.09,82.9,89.48,82.9,89.42,66.32,64.02
Notechis_scutatus_C9A,67.13,66.67,65.67,65.52,66.42,65.29,91.14,91.37,82.45,62.2,89.08,89.37,65.69,94.18,82.68,84.85,66.67,89.55,63.06,89.42,82.33,89.37,82.39,66.67,66.9,66.15,65.07,66.03,67.41,61.67,61.55,65.23,91.42,90.49,81.36,97.88,82.62,97.94,82.73,64.37,82.39,93.48,65.64,83.85,91.48,82.13,90.39,81.78,61.96,92.12,82.39,100.0,82.85,91.25,91.3,82.5,65.86,91.31,91.37,82.1,68.56,63.85,63.56,65.06,88.68,96.69,82.85,90.97,81.93,84.08,68.68,65.06,63.75,88.85,80.15,88.62,82.68,88.62,82.73,66.09,64.25
Notechis_scutatus_C9B,67.36,66.38,66.6,66.04,66.73,64.66,82.5,83.76,91.54,62.08,83.48,83.88,64.83,81.42,96.28,82.39,66.84,83.42,63.63,83.76,88.97,83.88,88.97,66.55,66.55,66.26,65.23,65.23,66.84,61.49,61.38,65.98,82.73,83.1,90.34,82.7,98.28,82.76,98.11,65.34,97.71,84.73,65.92,81.1,83.42,92.78,82.05,91.32,61.79,81.99,96.86,82.85,100.0,82.5,83.35,91.42,65.64,82.73,83.7,91.25,67.93,64.6,64.89,65.69,83.42,82.68,98.63,82.79,91.11,81.84,67.82,65.58,63.97,81.42,87.09,83.25,89.77,83.13,89.71,66.26,64.37
Pantherophis_obsoletus_C9A,67.47,67.71,65.35,66.21,66.17,65.92,98.4,94.57,83.42,62.89,89.88,90.17,65.81,89.77,82.33,85.08,67.13,92.4,63.8,89.88,83.08,90.17,83.02,66.84,67.24,66.67,65.98,66.32,68.21,62.76,62.47,65.98,95.77,93.3,82.45,90.44,82.9,90.55,83.02,64.77,82.45,88.56,65.86,83.96,91.48,82.88,94.57,82.93,63.07,89.82,82.45,91.25,82.5,100.0,94.93,83.53,67.12,98.91,95.25,83.08,68.56,64.25,64.31,66.04,89.77,90.97,82.73,94.97,82.79,84.36,68.97,66.49,65.46,89.54,80.03,89.65,83.53,89.54,83.48,66.72,64.43
Pantherophis_obsoletus_C9B,67.78,67.53,65.96,66.71,66.46,65.96,94.93,97.56,84.04,63.26,90.24,90.8,65.7,89.67,83.1,86.05,67.46,92.12,63.64,90.68,83.67,90.8,83.42,67.4,68.03,66.96,65.45,66.02,68.65,62.24,61.8,66.27,94.56,94.17,82.98,90.85,83.35,90.97,83.48,65.08,83.17,87.98,65.39,85.11,91.74,83.82,93.55,83.7,62.83,88.99,83.35,91.3,83.35,94.93,100.0,84.11,66.83,95.06,97.81,83.73,68.97,64.51,64.57,65.64,89.74,90.68,83.48,93.68,82.98,85.29,68.6,66.39,65.02,89.67,80.34,89.92,83.79,89.86,83.73,67.47,64.45
Pantherophis_obsoletus_C9C,67.07,66.49,65.67,66.15,66.1,65.18,83.25,84.39,98.74,62.89,83.48,83.7,64.26,81.36,91.14,82.33,66.78,84.73,62.31,83.59,88.85,83.7,88.68,66.72,66.72,66.09,64.55,65.05,67.12,61.32,61.21,65.81,83.65,83.56,95.6,82.65,91.6,82.7,91.48,65.8,91.6,83.82,65.86,80.99,83.42,91.75,82.73,96.55,61.38,81.93,91.54,82.5,91.42,83.53,84.11,100.0,65.35,83.53,84.16,98.8,67.64,65.06,65.17,65.69,83.82,82.85,91.25,83.53,96.67,82.13,67.87,65.41,63.97,81.82,88.7,83.36,88.85,83.13,88.97,66.14,64.71
Phrynosoma_blainvillii_C9A,70.98,71.82,78.38,79.7,79.58,79.32,67.35,67.24,65.35,69.06,67.47,67.64,74.86,64.78,65.46,67.87,70.15,66.84,67.29,67.64,65.58,67.64,65.69,70.36,82.43,71.88,70.19,75.11,84.94,65.86,65.23,68.19,66.84,66.61,65.35,65.23,65.75,65.29,65.69,70.01,65.46,64.83,73.6,67.3,66.84,65.69,66.44,65.69,65.39,65.64,65.52,65.86,65.64,67.12,66.83,65.35,100.0,66.95,67.58,65.69,71.92,69.56,69.61,74.61,66.9,66.09,65.86,66.32,65.23,67.7,74.09,92.16,69.48,66.09,64.37,66.95,66.04,66.61,66.04,69.87,69.5
Pituophis_catenifer_C9A,67.76,67.88,65.42,66.32,66.48,65.86,98.46,94.57,83.36,63.06,89.82,90.11,66.09,89.77,82.62,85.25,67.41,92.51,63.86,89.94,83.02,90.11,82.96,67.01,67.35,66.67,66.15,66.55,68.56,62.87,62.64,65.86,95.83,93.3,82.68,90.49,83.02,90.61,83.13,64.89,82.56,88.74,66.27,84.31,91.37,82.99,94.51,83.05,63.24,89.59,82.45,91.31,82.73,98.91,95.06,83.53,66.95,100.0,95.08,83.08,68.9,64.37,64.43,66.04,89.82,91.14,82.96,95.08,83.02,84.59,69.31,66.32,65.41,89.59,80.03,89.59,83.48,89.37,83.42,66.96,64.54
Pituophis_catenifer_C9B,68.33,68.34,65.98,67.35,66.67,66.95,95.03,98.4,84.05,63.92,90.51,90.68,66.15,89.71,83.3,85.93,67.99,91.94,63.97,90.51,83.7,90.68,83.7,67.76,67.7,67.3,66.61,66.61,68.96,62.76,62.41,66.32,94.57,94.56,82.96,90.84,83.7,90.95,83.82,65.11,83.36,88.45,66.61,84.94,91.94,83.79,93.77,83.51,63.12,89.48,83.53,91.37,83.7,95.25,97.81,84.16,67.58,95.08,100.0,83.82,69.47,64.71,64.66,66.78,90.11,90.85,83.93,93.71,83.19,85.62,69.25,67.12,65.75,89.54,80.67,89.94,83.99,89.94,83.93,67.71,64.83
Pituophis_catenifer_C9C,67.07,66.55,65.98,66.32,66.42,65.41,82.79,83.99,98.11,63.0,83.25,83.48,64.37,81.02,91.02,81.82,66.55,84.39,62.14,83.36,88.56,83.48,88.39,66.61,66.84,66.2,64.6,65.05,67.35,61.15,61.03,65.75,83.19,83.39,95.2,82.25,91.42,82.3,91.31,65.46,91.31,83.36,65.92,80.87,83.19,91.52,82.39,96.26,61.38,81.53,91.48,82.1,91.25,83.08,83.73,98.8,65.69,83.08,83.82,100.0,67.75,64.83,65.0,65.58,83.65,82.39,91.19,83.3,96.39,82.02,68.05,65.86,63.92,81.3,88.53,83.08,88.74,82.85,88.85,65.97,64.48
Plestiodon_gilberti_C9A,87.3,72.92,69.96,70.23,70.96,69.77,68.96,69.19,67.47,69.45,69.07,69.07,70.12,67.41,67.53,69.19,87.6,68.44,72.36,68.9,67.47,69.07,67.47,86.81,71.58,72.23,75.18,70.36,72.32,68.95,68.38,77.23,69.13,68.96,67.93,68.04,68.27,68.1,68.33,76.59,67.81,67.3,69.49,69.25,69.07,67.76,68.9,67.7,69.61,67.75,68.21,68.56,67.93,68.56,68.97,67.64,71.92,68.9,69.47,67.75,100.0,75.57,75.57,69.89,69.13,68.73,68.21,68.44,67.59,69.71,78.54,71.64,73.94,67.7,66.03,68.79,68.16,68.73,67.98,79.78,75.57
Podarcis_muralis_C9A,74.89,71.1,69.15,68.65,69.53,68.65,64.66,64.54,64.6,70.32,65.52,65.52,67.97,63.33,64.02,66.95,74.68,64.37,69.33,65.63,64.94,65.52,65.11,74.36,69.56,71.91,71.29,68.09,71.54,66.32,66.15,73.07,65.29,64.94,64.94,63.79,64.71,63.62,64.83,94.74,64.08,62.87,67.91,66.78,64.48,63.9,64.37,64.88,66.84,63.05,64.54,63.85,64.6,64.25,64.51,65.06,69.56,64.37,64.71,64.83,75.57,100.0,97.74,70.52,65.4,63.62,64.43,64.25,64.88,66.67,80.81,69.84,70.92,64.37,63.9,65.23,65.0,65.11,64.94,74.94,94.62
Podarcis_raffonei_C9A,74.2,70.75,69.53,68.54,69.91,68.59,64.71,64.54,64.71,70.15,65.86,65.86,67.86,63.33,64.43,66.95,74.17,64.48,69.05,65.86,65.29,65.86,65.34,73.96,69.56,72.14,71.06,67.98,71.49,66.38,66.26,73.41,65.29,65.23,65.0,63.39,65.11,63.44,65.11,94.51,64.48,62.99,68.03,66.78,64.37,64.25,64.37,65.16,66.84,63.28,64.94,63.56,64.89,64.31,64.57,65.17,69.61,64.43,64.66,65.0,75.57,97.74,100.0,70.35,66.03,63.62,64.71,64.43,64.99,66.78,80.3,69.78,71.09,64.54,64.19,65.57,65.23,65.46,65.17,75.0,93.94
Pogona_vitticeps_C9A,69.68,71.88,73.61,72.36,72.81,72.49,66.61,66.49,65.41,68.32,66.9,67.07,81.14,64.49,65.41,68.44,69.92,65.98,66.38,66.95,65.46,67.07,65.75,69.11,75.9,71.94,69.8,80.24,77.5,65.69,65.01,68.31,66.04,65.86,65.12,64.66,66.04,64.72,65.98,71.15,65.06,64.83,86.69,67.81,66.09,65.46,65.69,65.86,65.16,65.18,65.23,65.06,65.69,66.04,65.64,65.69,74.61,66.04,66.78,65.58,69.89,70.52,70.35,100.0,66.49,65.12,65.75,65.75,65.29,67.76,72.43,75.35,69.03,65.12,64.94,66.49,65.98,66.55,65.81,70.22,70.41
Protobothrops_mucrosquamatus_C9A,67.93,67.88,66.1,67.41,67.04,66.44,89.71,90.28,83.65,63.63,97.03,97.31,65.58,87.14,82.9,85.93,67.7,88.45,63.97,97.26,84.28,97.31,84.51,67.41,68.04,67.71,67.35,66.15,68.16,62.59,62.24,66.84,89.77,89.12,82.73,87.86,83.76,87.97,83.76,65.57,83.13,86.45,66.78,85.45,89.37,83.28,89.02,83.62,62.78,88.05,83.19,88.68,83.42,89.77,89.74,83.82,66.9,89.82,90.11,83.65,69.13,65.4,66.03,66.49,100.0,88.11,83.42,89.54,83.53,86.14,69.66,66.61,66.04,87.08,79.69,94.57,85.13,95.03,85.02,67.02,65.75
Pseudonaja_textilis_C9A,67.53,67.13,66.1,65.58,66.98,65.23,90.68,90.79,82.68,62.6,88.22,88.62,65.92,93.61,82.73,84.56,67.18,89.38,63.4,88.68,82.39,88.62,82.45,67.13,67.3,66.67,65.07,66.38,67.93,62.36,62.07,65.41,91.02,89.86,81.48,96.0,82.62,96.05,82.73,64.25,82.5,92.68,65.86,83.73,91.19,82.47,89.94,82.13,62.54,91.61,82.5,96.69,82.68,90.97,90.68,82.85,66.09,91.14,90.85,82.39,68.73,63.62,63.62,65.12,88.11,100.0,82.73,90.74,82.44,84.08,68.68,65.46,64.09,88.22,80.03,87.94,82.9,87.99,82.96,66.38,64.14
Pseudonaja_textilis_C9B,67.53,66.72,66.67,66.21,66.73,65.06,82.73,83.99,91.37,62.14,83.53,83.93,65.06,81.42,96.28,82.33,67.01,83.42,63.57,83.82,88.85,83.93,88.79,66.67,66.9,66.38,65.12,65.52,67.24,61.61,61.38,66.09,82.85,83.45,90.17,82.7,98.0,82.76,97.83,65.11,97.66,84.79,66.21,81.04,83.65,92.67,82.22,91.21,61.85,81.93,96.86,82.85,98.63,82.73,83.48,91.25,65.86,82.96,83.93,91.19,68.21,64.43,64.71,65.75,83.42,82.73,100.0,83.08,90.88,81.79,67.99,65.86,63.92,81.48,87.03,83.3,89.59,83.19,89.42,66.43,64.2
Ptyas_mucosa_C9A,67.64,67.42,65.1,65.81,66.04,65.58,94.68,93.77,83.19,63.34,89.48,89.65,65.75,89.94,82.16,85.42,67.24,92.11,63.4,89.48,83.02,89.65,82.9,66.9,67.3,66.49,65.92,66.32,67.87,62.53,62.07,66.15,95.83,93.36,82.39,90.38,82.96,90.49,83.08,64.89,82.39,88.74,66.21,84.02,91.48,82.93,94.8,83.22,62.89,89.14,82.39,90.97,82.79,94.97,93.68,83.53,66.32,95.08,93.71,83.3,68.44,64.25,64.43,65.75,89.54,90.74,83.08,100.0,82.85,84.54,69.2,66.09,65.06,89.37,80.44,89.19,83.3,89.19,83.3,67.02,64.48
Ptyas_mucosa_C9B,66.95,65.97,65.6,65.98,66.29,65.17,82.85,83.48,96.56,62.82,83.13,83.48,64.25,81.01,90.59,82.04,66.49,83.94,62.59,83.36,88.47,83.48,88.12,66.38,66.67,65.57,64.71,64.93,67.13,61.48,61.01,65.34,82.85,82.99,94.43,82.01,91.16,82.07,91.05,65.34,90.94,83.13,65.69,81.09,82.9,90.92,82.16,95.67,61.42,81.3,90.94,81.93,91.11,82.79,82.98,96.67,65.23,83.02,83.19,96.39,67.59,64.88,64.99,65.29,83.53,82.44,90.88,82.85,100.0,82.18,67.65,65.46,63.62,81.24,88.08,82.96,88.53,82.79,88.64,66.32,64.71
Python_bivittatus_C9A,68.68,68.75,66.04,67.36,67.29,66.49,84.59,85.8,81.96,64.37,86.54,86.83,66.38,82.93,81.21,89.52,68.56,84.02,65.17,86.66,83.33,86.83,83.28,67.87,68.56,68.0,68.67,67.24,68.9,64.71,63.9,67.13,84.54,84.22,81.21,83.94,81.79,83.99,81.9,67.07,81.33,82.53,67.24,95.65,85.62,81.76,84.02,81.75,64.4,82.7,81.39,84.08,81.84,84.36,85.29,82.13,67.7,84.59,85.62,82.02,69.71,66.67,66.78,67.76,86.14,84.08,81.79,84.54,82.18,100.0,71.68,68.22,66.49,83.33,78.05,85.97,83.51,85.97,83.39,68.76,67.18
Rhineura_floridana_C9A,76.9,73.76,72.22,73.74,73.3,72.6,69.71,69.31,67.53,73.03,69.71,70.0,72.26,67.82,67.24,71.15,76.99,68.62,71.06,70.06,68.28,70.0,68.74,77.11,74.09,74.68,74.97,72.34,75.23,69.72,69.55,75.06,69.43,69.03,67.76,68.28,67.87,68.22,67.87,80.93,67.99,67.53,71.35,71.27,69.02,67.3,68.91,67.94,70.22,67.41,67.24,68.68,67.82,68.97,68.6,67.87,74.09,69.31,69.25,68.05,78.54,80.81,80.3,72.43,69.66,68.68,67.99,69.2,67.65,71.68,100.0,74.2,74.43,67.99,66.09,69.25,68.85,69.54,68.79,77.78,81.27
Sceloporus_undulatus_C9A,70.7,72.11,78.93,79.86,79.83,79.55,66.72,66.95,65.23,69.0,67.07,67.3,74.8,64.2,65.41,67.53,69.98,66.04,67.85,67.24,65.69,67.3,65.86,70.3,82.97,71.31,70.25,74.94,85.5,66.09,65.75,68.87,66.09,66.44,65.35,64.66,66.04,64.72,65.92,70.29,65.58,64.2,73.77,67.58,66.55,65.52,65.92,65.92,66.38,65.12,65.41,65.06,65.58,66.49,66.39,65.41,92.16,66.32,67.12,65.86,71.64,69.84,69.78,75.35,66.61,65.46,65.86,66.09,65.46,68.22,74.2,100.0,69.83,65.41,64.37,67.18,66.61,66.61,66.61,70.68,70.41
Teratoscincus_roborowskii_C9A,71.65,70.29,67.53,69.32,68.28,68.59,65.69,65.69,63.8,69.51,65.64,65.92,68.98,63.57,63.92,65.92,71.4,64.89,78.27,65.98,63.86,65.92,64.32,71.09,69.65,70.4,84.54,68.76,70.73,79.58,79.19,70.96,65.52,65.29,63.97,63.86,64.2,63.97,64.15,71.54,64.03,63.46,68.08,66.38,64.83,63.22,65.12,64.02,79.54,63.75,63.86,63.75,63.97,65.46,65.02,63.97,69.48,65.41,65.75,63.92,73.94,70.92,71.09,69.03,66.04,64.09,63.92,65.06,63.62,66.49,74.43,69.83,100.0,64.32,63.05,65.69,64.55,65.69,64.55,72.39,71.03
Thamnophis_elegans_C9A,66.95,67.36,64.85,65.98,65.29,65.52,89.71,89.88,81.65,62.49,87.36,87.88,64.54,86.96,80.73,84.11,65.81,89.31,63.17,87.59,81.88,87.88,81.7,66.21,66.9,66.9,64.78,65.28,67.93,61.67,61.44,64.89,89.77,88.37,81.3,88.26,81.53,88.55,81.65,64.37,80.96,86.05,65.69,83.1,88.62,81.62,89.48,81.49,62.43,86.85,80.67,88.85,81.42,89.54,89.67,81.82,66.09,89.59,89.54,81.3,67.7,64.37,64.54,65.12,87.08,88.22,81.48,89.37,81.24,83.33,67.99,65.41,64.32,100.0,79.75,87.25,81.88,86.96,81.82,66.09,64.14
Thamnophis_elegans_C9B,65.92,65.39,64.53,65.06,64.91,64.2,80.03,80.84,88.41,61.38,80.21,80.44,63.79,78.94,86.8,78.43,65.34,81.01,61.55,80.21,85.14,80.44,84.8,65.28,65.17,64.64,64.43,64.3,65.98,61.01,60.78,64.08,80.03,80.17,88.24,80.29,87.26,80.34,87.26,64.01,87.09,80.49,65.17,77.59,81.07,86.55,79.52,87.54,61.77,79.23,87.09,80.15,87.09,80.03,80.34,88.7,64.37,80.03,80.67,88.53,66.03,63.9,64.19,64.94,79.69,80.03,87.03,80.44,88.08,78.05,66.09,64.37,63.05,79.75,100.0,80.09,85.08,79.63,85.08,65.68,63.38
Vipera_berus_C9A,67.58,68.11,66.35,67.53,67.04,66.72,89.59,89.88,83.3,63.46,95.48,95.43,66.09,87.08,82.85,85.65,67.3,88.34,64.15,95.48,84.73,95.43,84.73,67.01,68.1,67.76,67.24,66.55,68.84,62.3,61.61,66.72,89.31,89.18,82.62,87.74,83.36,87.86,83.36,65.57,83.13,86.39,66.9,85.34,89.77,82.99,88.74,83.33,63.01,87.59,82.9,88.62,83.25,89.65,89.92,83.36,66.95,89.59,89.94,83.08,68.79,65.23,65.57,66.49,94.57,87.94,83.3,89.19,82.96,85.97,69.25,67.18,65.69,87.25,80.09,100.0,85.59,98.23,85.65,67.89,65.69
Vipera_berus_C9B,67.24,67.53,66.23,66.21,67.11,65.46,83.3,84.39,88.68,63.06,85.02,85.65,65.46,81.88,88.97,82.79,66.72,83.99,62.49,85.48,96.28,85.65,96.05,66.84,67.41,66.78,65.92,65.57,67.24,61.09,60.86,66.21,83.42,83.45,88.34,82.59,89.48,82.7,89.48,65.29,89.25,83.25,65.92,82.65,83.93,88.49,82.85,88.97,61.27,82.68,89.48,82.68,89.77,83.53,83.79,88.85,66.04,83.48,83.99,88.74,68.16,65.0,65.23,65.98,85.13,82.9,89.59,83.3,88.53,83.51,68.85,66.61,64.55,81.88,85.08,85.59,100.0,84.79,99.54,67.25,65.06
Vipera_seoanei_C9A,68.04,68.05,65.79,67.07,66.92,66.27,89.37,89.88,83.08,63.4,95.65,95.54,65.81,87.14,82.5,86.11,67.7,88.11,64.43,95.48,84.28,95.54,84.39,67.41,67.87,68.05,67.35,66.32,68.04,62.36,61.61,66.84,89.31,89.12,82.22,87.92,83.25,88.03,83.25,65.23,82.9,86.34,66.78,85.34,89.59,83.1,88.56,83.05,63.01,87.42,82.9,88.62,83.13,89.54,89.86,83.13,66.61,89.37,89.94,82.85,68.73,65.11,65.46,66.55,95.03,87.99,83.19,89.19,82.79,85.97,69.54,66.61,65.69,86.96,79.63,98.23,84.79,100.0,84.85,68.0,65.63
Vipera_seoanei_C9B,67.13,67.3,66.17,66.27,67.04,65.41,83.25,84.33,88.74,62.83,84.91,85.53,65.29,81.7,89.02,82.68,66.61,83.93,62.49,85.48,96.17,85.53,95.94,66.72,67.35,66.67,65.98,65.4,67.12,61.15,60.92,66.27,83.36,83.51,88.45,82.65,89.42,82.76,89.42,65.23,89.31,83.3,65.75,82.47,84.05,88.37,82.79,89.08,61.32,82.62,89.42,82.73,89.71,83.48,83.73,88.97,66.04,83.42,83.93,88.85,67.98,64.94,65.17,65.81,85.02,82.96,89.42,83.3,88.64,83.39,68.79,66.61,64.55,81.82,85.08,85.65,99.54,84.85,100.0,67.19,65.11
Xantusia_vigilis_C9A,76.99,73.18,70.19,70.05,70.51,69.82,67.07,67.83,65.85,69.61,67.42,67.6,69.36,65.39,66.26,67.19,76.97,66.78,69.93,67.48,67.36,67.6,67.07,76.8,70.85,72.54,74.8,69.83,71.53,68.41,67.83,77.93,67.54,67.07,66.43,66.08,66.55,66.14,66.61,75.52,66.43,64.81,68.61,68.06,67.65,66.26,67.31,66.78,68.72,65.45,66.32,66.09,66.26,66.72,67.47,66.14,69.87,66.96,67.71,65.97,79.78,74.94,75.0,70.22,67.02,66.38,66.43,67.02,66.32,68.76,77.78,70.68,72.39,66.09,65.68,67.89,67.25,68.0,67.19,100.0,75.11
Zootoca_vivipara_C9A,74.77,70.75,68.97,69.05,69.16,68.82,65.17,64.89,64.31,70.09,65.75,65.8,68.2,63.1,63.85,67.3,74.8,64.66,68.37,65.98,65.29,65.8,65.29,74.53,69.67,72.08,71.4,68.03,71.54,66.44,66.03,72.96,65.34,65.11,64.66,63.85,64.48,63.79,64.43,94.96,64.02,63.51,68.25,67.24,64.6,63.79,64.54,64.41,66.9,63.33,64.02,64.25,64.37,64.43,64.45,64.71,69.5,64.54,64.83,64.48,75.57,94.62,93.94,70.41,65.75,64.14,64.2,64.48,64.71,67.18,81.27,70.41,71.03,64.14,63.38,65.69,65.06,65.63,65.11,75.11,100.0
