site	alpha	beta1	p1	beta+	p+	LRT	p-value	#_branches_under_selection	Total_branch_length	MEME_LogL	FEL_LogL	LRT_MEME_vs_FEL	FEL_alpha	FEL_beta
1	0	0	1	0	0	0	1	0	0	0	0	1	0	0
2	0	0	1	0	0	0	1	0	0	0	0	1	0	0
3	0.0017669	4.4173e-07	0.01	12.301	0.99	2.2489	0.15922	1	0	-18.57	-18.567	1	0.0017669	12.301
4	0	0	1	0	0	0	1	0	0	0	0	1	0	0
5	0	0	1	0	0	0	1	0	0	0	0	1	0	0
6	0	0	1	0	0	0	1	0	0	0	0	1	0	0
7	0	0	1	0	0	0	1	0	0	0	0	1	0	0
8	0.00010561	5.633e-05	0.48652	6.4737	0.51348	0.39593	0.45957	0	0	-8.3956	-8.427	0.96902	0.0001047	2.9368
9	0	0	1	0	0	0	1	0	0	0	0	1	0	0
10	0	0	1	0	0	0	1	0	0	0	0	1	0	0
11	0	0	1	0	0	0	1	0	0	0	0	1	0	0
12	0	0	1	0	0	0	1	0	0	0	0	1	0	0
13	0	0	1	0	0	0	1	0	0	0	0	1	0	0
14	0	0	1	0	0	0	1	0	0	0	0	1	0	0
15	8.0329e-05	4.2588e-05	0.39925	26.321	0.60075	2.7108	0.12444	0	0	-14.767	-15.033	0.76671	7.3345e-05	11.995
16	1.513e-05	6.3189e-06	0.89096	70.235	0.10904	1.5091	0.2382	1	0	-9.3458	-9.7737	0.65186	1.7086e-05	3.0918
17	0	0	1	0	0	0	1	0	0	0	0	1	0	0
18	8.3466e-06	2.0867e-09	0.01	5.6866	0.99	0.83506	0.34976	2	0	-14.404	-14.397	1	8.3466e-06	5.6866
19	0	0	1	0	0	0	1	0	0	0	0	1	0	0
20	0	0	1	0	0	0	1	0	0	0	0	1	0	0
21	24.583	0.00023431	1	0.65949	0	0	0.66667	0	0	-10.368	-10.368	0.99994	24.741	0.00021936
22	7.7317e-05	1.9329e-08	0.01	3.3043	0.99	0.68884	0.3818	1	0	-6.9068	-6.9031	1	7.7317e-05	3.3043
23	5.8285	9.6568e-05	1	0.32987	0	0	0.66667	0	0	-7.9438	-7.9438	0.99999	5.814	9.8729e-05
24	0	0	1	0	0	0	1	0	0	0	0	1	0	0
25	7.7985e-05	1.9496e-08	0.01	6.3484	0.99	1.2898	0.26922	1	0	-11.419	-11.412	1	7.7985e-05	6.3484
26	0	0	1	0	0	0	1	0	0	0	0	1	0	0
27	3.7502e-05	9.3755e-09	0.01	4.0416	0.99	1.0368	0.31092	1	0	-8.499	-8.4958	1	3.7502e-05	4.0416
28	11.803	3.3687	0.88754	3.1233	0.11246	0	0.66667	0	0	-12.614	-12.614	1	11.786	3.2922
29	5.1853	0	0.84096	50.037	0.15904	0.5274	0.42199	1	0	-11.92	-12.24	0.72638	5.7514	3.8201
30	0.0012501	0.00065754	0.4791	6.8156	0.5209	0.37653	0.46558	1	0	-9.0465	-9.054	0.9925	0.001312	3.1538
31	0.00011569	5.8661e-05	0.49531	6.0475	0.50469	0.65064	0.39081	1	0	-10.215	-10.255	0.96037	0.00011247	2.6939
32	0	0	1	0	0	0	1	0	0	0	0	1	0	0
33	0	0	1	0	0	0	1	0	0	0	0	1	0	0
34	9.5103	0.0030629	0.69427	11.528	0.30573	-0.00055566	0.66667	1	0	-13.086	-13.145	0.94226	9.6918	2.7844
35	11.289	0.014471	0.56373	8.8501	0.43627	0	0.66667	0	0	-13.463	-13.486	0.97707	11.409	3.2925
36	0	0	1	0	0	0	1	0	0	0	0	1	0	0
37	0	0	1	0	0	0	1	0	0	0	0	1	0	0
38	0	0	1	0	0	0	1	0	0	0	0	1	0	0
39	9.7056	3.1988e-05	1	0.39313	0	0	0.66667	0	0	-9.2979	-9.2979	1	9.7175	3.3595e-05
40	0	0	1	0	0	0	1	0	0	0	0	1	0	0
41	3.6851	8.9439e-08	1	0.48181	0	0	0.66667	0	0	-9.352	-9.352	1	3.6831	9.2777e-08
42	0	0	1	0	0	0	1	0	0	0	0	1	0	0
43	10.334	0	0.85633	42.599	0.14367	0.28352	0.49653	1	0	-15.479	-15.783	0.73738	10.808	3.2195
44	0	0	1	0	0	0	1	0	0	0	0	1	0	0
45	11.736	0	0.8313	97.272	0.1687	1.0284	0.31242	2	0	-16.39	-17.024	0.53037	10.74	6.7945
46	9.5051e-06	4.549e-06	0.90155	77.809	0.09845	1.2838	0.27013	1	0	-9.9755	-10.451	0.6213	7.8432e-06	2.8877
47	0	0	1	0	0	0	1	0	0	0	0	1	0	0
48	0	0	1	0	0	0	1	0	0	0	0	1	0	0
49	7.0007e-05	3.599e-05	0.49165	6.4464	0.50835	0.67364	0.38535	1	0	-9.4502	-9.4983	0.95299	7.0402e-05	2.7196
50	29.668	9.7431e-05	1	1.1374	0	0	0.66667	0	0	-7.1633	-7.1633	0.99999	29.743	0.00010354
51	0.0060534	0.0030865	0.62199	45.825	0.37801	2.8892	0.11323	1	0	-17.992	-18.887	0.40867	0.0075964	9.5822
52	13.943	3.7983e-07	1	0.84669	0	0	0.66667	0	0	-8.5197	-8.5197	1	13.931	3.9387e-07
53	0	0	1	0	0	0	1	0	0	0	0	1	0	0
54	0	0	1	0	0	0	1	0	0	0	0	1	0	0
55	0.00010567	4.713e-05	0.74923	22.128	0.25077	1.7241	0.21159	1	0	-9.9905	-10.715	0.48464	0.0011528	9.2727
56	0.029378	0.013568	0.59007	12.019	0.40993	1.0324	0.3117	1	0	-10.527	-10.721	0.82349	0.035576	6.3172
57	0	0	1	0	0	0	1	0	0	0	0	1	0	0
58	89.453	0	0.75843	23.5	0.24157	0	0.66667	0	0	-18.64	-18.81	0.84341	88.369	3.7736
59	5.0662	1.4887e-05	1	0.3036	0	0	0.66667	0	0	-9.4667	-9.4667	1	5.0914	1.5647e-05
60	0	0	1	0	0	0	1	0	0	0	0	1	0	0
61	0	0	1	0	0	0	1	0	0	0	0	1	0	0
62	0	0	1	0	0	0	1	0	0	0	0	1	0	0
63	0	0	1	0	0	0	1	0	0	0	0	1	0	0
64	7.4735	3.5675e-05	1	0.60403	0	0	0.66667	0	0	-15.521	-15.521	1	7.3957	3.5083e-05
65	8.6748	2.1791e-05	1	0.37823	0	0	0.66667	0	0	-8.8657	-8.8657	1	8.685	2.2884e-05
66	0	0	1	0	0	0	1	0	0	0	0	1	0	0
67	26.228	5.033e-06	1	1.0873	0	0	0.66667	0	0	-10.17	-10.17	0.99999	26.044	5.3019e-06
68	0	0	1	0	0	0	1	0	0	0	0	1	0	0
69	0	0	1	0	0	0	1	0	0	0	0	1	0	0
70	0	0	1	0	0	0	1	0	0	0	0	1	0	0
71	0	0	1	0	0	0	1	0	0	0	0	1	0	0
72	9.7937	2.6732e-07	1	0.55519	0	0	0.66667	0	0	-8.1576	-8.1576	1	10.089	2.8809e-07
73	0	0	1	0	0	0	1	0	0	0	0	1	0	0
74	0	0	1	0	0	0	1	0	0	0	0	1	0	0
75	0.00035357	0.00018859	0.48652	7.0394	0.51348	0.59926	0.40339	1	0	-8.6125	-8.6282	0.98448	0.0003505	3.1842
76	0.00012534	3.1336e-08	0.01	8.1723	0.99	2.0074	0.18135	0	0	-13.882	-13.877	1	0.00012534	8.1723
77	38.018	0.057857	0.53318	7.7905	0.46682	0	0.66667	0	0	-17.808	-17.825	0.98311	38.114	3.23
78	3.5078	4.0536e-07	1	0.46987	0	0	0.66667	0	0	-10.584	-10.584	1	3.5059	4.2049e-07
79	29.628	5.4441e-06	1	1.1244	0	0	0.66667	0	0	-8.0833	-8.0832	1	29.409	5.7329e-06
80	62.189	0.00010033	1	1.2746	0	0	0.66667	0	0	-7.9078	-7.9078	1	62.243	0.00010581
81	0	0	1	0	0	0	1	0	0	0	0	1	0	0
82	9.4079	0	0.82594	30.75	0.17406	0.2468	0.5099	1	0	-13.806	-14.049	0.78469	8.787	3.3019
83	0.017953	0.0093624	0.69157	36.956	0.30843	2.7388	0.12261	0	0	-14.062	-14.284	0.80113	0.016326	7.547
84	0	0	1	0	0	0	1	0	0	0	0	1	0	0
85	9.6578e-05	5.6904e-05	0.68445	80.732	0.31555	4.5038	0.048718	1	0	-19.859	-20.895	0.35476	9.4825e-05	12.086
86	29.828	1.6804e-06	1	1.1264	0	0	0.66667	0	0	-12.093	-12.093	0.99999	29.607	1.7695e-06
87	3.276e-06	1.8725e-06	0.90018	86.055	0.099823	1.487	0.24114	1	0	-10.082	-10.556	0.62243	3.3316e-06	3.064
88	6.8245e-06	2.9194e-06	0.89682	76.764	0.10318	1.4114	0.2515	1	0	-10.387	-10.805	0.65865	7.7245e-06	3.0076
89	4.831	0	0.65587	53.484	0.34413	2.0594	0.17632	1	0	-22.876	-23.569	0.5003	4.7731	12.47
90	14.511	3.8918e-05	1	0.44639	0	0	0.66667	0	0	-8.7113	-8.7113	1	14.532	4.0881e-05
91	2.4013e-06	1.2645e-06	0.9121	90.513	0.087903	1.654	0.21989	1	0	-10.56	-11.099	0.58371	7.1613e-06	2.6443
92	29.541	3.4907e-05	1	0.4646	0	0	0.66667	0	0	-7.5016	-7.5016	1	29.996	3.032e-05
93	0.00018017	6.2393e-05	0.95125	1791.5	0.048747	4.9935	0.037828	1	0	-10.096	-12.128	0.13115	0.0029597	4.5385
94	2.3647e-05	1.1824e-05	0.8	24.58	0.2	0.86159	0.34432	1	0	-8.4947	-8.6791	0.83159	2.3647e-05	3.0725
95	0	0	1	0	0	0	1	0	0	0	0	1	0	0
96	0	0	1	0	0	0	1	0	0	0	0	1	0	0
97	0	0	1	0	0	0	1	0	0	0	0	1	0	0
98	3.7847	1.6464	0.92868	253.66	0.071319	4.1731	0.057829	1	0	-15.193	-18.012	0.059673	6.4811	7.9451
99	0.001066	0.00082979	0.89876	5628.5	0.10124	2.9621	0.10895	0	0	-15.99	-17.46	0.23002	9.8951	7.852
100	7.1817e-05	3.8307e-05	0.48652	8.01	0.51348	0.52691	0.42212	1	0	-8.3397	-8.372	0.96814	7.1199e-05	3.6061
101	0	0	1	0	0	0	1	0	0	0	0	1	0	0
102	0	0	1	0	0	0	1	0	0	0	0	1	0	0
103	0.00073626	0.00034841	0.91493	120.5	0.085067	1.559	0.23171	1	0	-9.8194	-10.367	0.57843	0.00053711	3.3781
104	0	0	1	0	0	0	1	0	0	0	0	1	0	0
105	0	0	1	0	0	0	1	0	0	0	0	1	0	0
106	0	0	1	0	0	0	1	0	0	0	0	1	0	0
107	0	0	1	0	0	0	1	0	0	0	0	1	0	0
108	68.526	3.3941e-06	1	0.46317	0	0	0.66667	0	0	-8.103	-8.1029	1	69.66	3.4857e-06
109	0	0	1	0	0	0	1	0	0	0	0	1	0	0
110	0	0	1	0	0	0	1	0	0	0	0	1	0	0
111	0	0	1	0	0	0	1	0	0	0	0	1	0	0
112	0.00041291	0.0002142	0.51875	9.6541	0.48125	1.0535	0.30793	1	0	-8.3509	-8.4503	0.90543	0.00044642	5.995
113	0	0	1	0	0	0	1	0	0	0	0	1	0	0
114	3.9671	4.7072e-05	1	0.28052	0	0	0.66667	0	0	-7.7004	-7.7004	1	3.9585	4.814e-05
115	7.2272	0.00024499	1	0.3629	0	0	0.66667	0	0	-6.3554	-6.3555	0.99991	7.1621	0.0002533
116	0	0	1	0	0	0	1	0	0	0	0	1	0	0
117	0	0	1	0	0	0	1	0	0	0	0	1	0	0
118	9.4557	0.00022048	1	0.38384	0	0	0.66667	0	0	-9.5035	-9.5035	0.99998	9.5147	0.00023203
119	0	0	1	0	0	0	1	0	0	0	0	1	0	0
120	0.00028327	7.0817e-08	0.01	2.9039	0.99	0.32997	0.4806	1	0	-6.5701	-6.5664	1	0.00028327	2.9039
121	9.6811	2.1905e-05	1	0.38691	0	0	0.66667	0	0	-8.8209	-8.8209	0.99999	9.742	2.3054e-05
122	0	0	1	0	0	0	1	0	0	0	0	1	0	0
123	0	0	1	0	0	0	1	0	0	0	0	1	0	0
124	0	0	1	0	0	0	1	0	0	0	0	1	0	0
125	43.061	1.5832e-05	1	1.235	0	0	0.66667	0	0	-9.8317	-9.8316	1	42.688	1.6651e-05
126	0	0	1	0	0	0	1	0	0	0	0	1	0	0
127	63.991	1.9307e-05	1	0.89483	0	0	0.66667	0	0	-11.921	-11.921	1	64.751	2.0072e-05
128	0	0	1	0	0	0	1	0	0	0	0	1	0	0
129	0	0	1	0	0	0	1	0	0	0	0	1	0	0
130	3.7633	2.0692	0.95018	3719.8	0.049818	3.159	0.098217	1	0	-17.092	-18.663	0.20791	5.9162	8.7873
131	25.77	8.2862e-05	1	1.0249	0	0	0.66667	0	0	-7.0606	-7.0606	1	25.741	8.5904e-05
132	0	0	1	0	0	0	1	0	0	0	0	1	0	0
133	0	0	1	0	0	0	1	0	0	0	0	1	0	0
134	0	0	1	0	0	0	1	0	0	0	0	1	0	0
135	24.665	0.0099087	1	0.73942	0	0	0.66667	0	0	-6.2993	-6.2997	0.99961	25.75	0.010822
136	4.8752	0	0.88052	49.313	0.11948	0.66584	0.38719	1	0	-17.24	-17.662	0.65535	5.0147	2.652
137	0	0	1	0	0	0	1	0	0	0	0	1	0	0
138	0	0	1	0	0	0	1	0	0	0	0	1	0	0
139	0	0	1	0	0	0	1	0	0	0	0	1	0	0
140	0	0	1	0	0	0	1	0	0	0	0	1	0	0
141	0.00011231	6.0005e-05	0.75585	51.191	0.24415	1.998	0.18228	2	0	-12.888	-13.53	0.52594	0.00011	6.3633
142	0	0	1	0	0	0	1	0	0	0	0	1	0	0
143	8.3048	6.7274	0.84658	7.618	0.15342	0	0.66667	0	0	-18.011	-18.007	1	7.6415	7.1425
144	23.113	0	0.74202	21.747	0.25798	0	0.66667	0	0	-13.911	-14.175	0.76826	24.161	3.1576
145	14.452	0	0.57386	8.7748	0.42614	0	0.66667	0	0	-10.551	-10.58	0.9716	14.503	2.9159
146	0.036483	0.019954	0.67696	36.786	0.32304	2.1956	0.16385	1	0	-12.769	-13.179	0.66368	0.032157	7.2786
147	0	0	1	0	0	0	1	0	0	0	0	1	0	0
148	27.637	6.3201e-05	1	1.1033	0	0	0.66667	0	0	-6.4628	-6.4628	1	27.439	6.6568e-05
149	5.466e-07	2.81e-07	0.49165	16.24	0.50835	1.5907	0.22768	1	0	-13.35	-13.516	0.84741	5.4965e-07	6.4044
150	0	0	1	0	0	0	1	0	0	0	0	1	0	0
151	0	0	1	0	0	0	1	0	0	0	0	1	0	0
152	0	0	1	0	0	0	1	0	0	0	0	1	0	0
153	0	0	1	0	0	0	1	0	0	0	0	1	0	0
154	0	0	1	0	0	0	1	0	0	0	0	1	0	0
155	0	0	1	0	0	0	1	0	0	0	0	1	0	0
156	4.5288e-06	0	0.735	6.7519e-06	0.265	-8.5581e-07	0.66667	0	0	-3.8877	-3.8877	1	4.5288e-06	6.7519e-06
157	4.671e-06	2.3528e-06	0.85567	49.795	0.14433	3.453	0.084172	1	0	-10.883	-12.329	0.2355	5.619e-06	7.4773
158	0	0	1	0	0	0	1	0	0	0	0	1	0	0
159	0	0	1	0	0	0	1	0	0	0	0	1	0	0
160	0	0	1	0	0	0	1	0	0	0	0	1	0	0
161	0	0	1	0	0	0	1	0	0	0	0	1	0	0
162	0	0	1	0	0	0	1	0	0	0	0	1	0	0
163	4.5098e-07	1.1274e-10	0.01	3.2907	0.99	0.57942	0.4084	1	0	-7.3001	-7.2969	1	4.5098e-07	3.2907
164	14.386	7.3738e-05	1	0.91084	0	0	0.66667	0	0	-9.0324	-9.0324	0.99999	14.413	7.8313e-05
165	0	0	1	0	0	0	1	0	0	0	0	1	0	0
166	4.3064e-05	2.297e-05	0.48652	8.1822	0.51348	0.51988	0.424	1	0	-9.0801	-9.1222	0.95881	4.2694e-05	3.6806
167	8.7581	4.5179	0.8102	4.9514	0.1898	0	0.66667	0	0	-10.424	-10.424	1	9.1768	4.4674
168	0.00022171	5.5427e-08	0.01	3.27	0.99	0.67497	0.38504	1	0	-8.197	-8.194	1	0.00022171	3.27
169	0	0	1	0	0	0	1	0	0	0	0	1	0	0
170	0.0039556	2.3711e-07	0.01012	11.622	0.98988	1.1234	0.29584	2	0	-15.428	-15.427	1	0.0038567	11.415
171	0	0	1	0	0	0	1	0	0	0	0	1	0	0
172	0	0	1	0	0	0	1	0	0	0	0	1	0	0
173	0	0	1	0	0	0	1	0	0	0	0	1	0	0
174	0	0	1	0	0	0	1	0	0	0	0	1	0	0
175	0	0	1	0	0	0	1	0	0	0	0	1	0	0
176	5.3822	4.4336e-07	1	0.3112	0	0	0.66667	0	0	-10.832	-10.832	0.99999	5.4095	4.6605e-07
177	6.4083	2.4293e-05	1	0.33342	0	0	0.66667	0	0	-9.3232	-9.3233	0.99998	6.4429	2.5544e-05
178	69.777	0.0015003	1	1.3687	0	0	0.66667	0	0	-8.5414	-8.5414	0.99998	69.032	0.0015746
179	11.125	2.2825e-05	1	0.36969	0	0	0.66667	0	0	-8.3174	-8.3174	1	11.1	2.3796e-05
180	0	0	1	0	0	0	1	0	0	0	0	1	0	0
181	2.1882e-06	1.1095e-06	0.49531	8.255	0.50469	1.223	0.27956	0	0	-10.43	-10.48	0.95159	2.1278e-06	3.6284
182	8.8551	0.066982	1	0.61061	0	0	0.66667	0	0	-8.21	-8.2127	0.9973	8.8727	0.074201
183	0	0	1	0	0	0	1	0	0	0	0	1	0	0
184	0	0	1	0	0	0	1	0	0	0	0	1	0	0
185	0	0	1	0	0	0	1	0	0	0	0	1	0	0
186	25.689	0.010185	1	1.093	0	0	0.66667	0	0	-10.493	-10.493	0.99976	25.75	0.010822
187	14.897	2.7727e-05	1	0.92184	0	0	0.66667	0	0	-12.282	-12.282	0.99999	14.925	2.9448e-05
188	5.7413e-05	1.4353e-08	0.01	6.7026	0.99	1.2085	0.28186	0	0	-11.109	-11.101	1	5.7413e-05	6.7026
189	26.136	3.8998e-06	1	1.097	0	0	0.66667	0	0	-6.5456	-6.5456	0.99995	27.17	4.2966e-06
190	0.00015381	0	0.01	3.8444	0.99	0.75068	0.3678	1	0	-8.8423	-8.8422	1	0.00015381	3.8444
191	0	0	1	0	0	0	1	0	0	0	0	1	0	0
192	0	0	1	0	0	0	1	0	0	0	0	1	0	0
193	0	0	1	0	0	0	1	0	0	0	0	1	0	0
194	0	0	1	0	0	0	1	0	0	0	0	1	0	0
195	0	0	1	0	0	0	1	0	0	0	0	1	0	0
196	12.998	0.011806	0.35873	5.1199	0.64127	0	0.66667	0	0	-14.311	-14.313	0.99881	13.468	3.0859
197	0	0	1	0	0	0	1	0	0	0	0	1	0	0
198	0.00029275	1.7548e-08	0.01012	12.21	0.98988	3.0374	0.10471	0	0	-19.02	-19.012	1	0.00028574	11.989
199	0	0	1	0	0	0	1	0	0	0	0	1	0	0
200	4.9146e-05	1.9103e-05	0.90257	68.258	0.097427	1.2595	0.27385	1	0	-9.374	-9.8527	0.61959	3.4989e-05	2.5895
201	0	0	1	0	0	0	1	0	0	0	0	1	0	0
202	21.993	2.9577	0.89459	3.105	0.10541	0	0.66667	0	0	-11.282	-11.281	1	22.513	2.9487
203	0	0	1	0	0	0	1	0	0	0	0	1	0	0
204	13.908	1.8828e-07	1	0.84596	0	0	0.66667	0	0	-8.2598	-8.2598	1	13.896	1.9524e-07
205	19.357	1.4503e-05	1	1.0279	0	0	0.66667	0	0	-8.771	-8.7709	1	19.536	1.5472e-05
206	0	0	1	0	0	0	1	0	0	0	0	1	0	0
207	0	0	1	0	0	0	1	0	0	0	0	1	0	0
208	2.914e-06	1.5409e-06	0.45298	29.628	0.54702	2.598	0.13213	2	0	-18.796	-19.006	0.81095	2.7245e-06	16.557
209	0.062703	1.5676e-05	0.01	3.5639	0.99	0.47453	0.43649	1	0	-8.1317	-8.1288	1	0.062703	3.5639
210	0	0	1	0	0	0	1	0	0	0	0	1	0	0
211	0.00093269	0.00044758	0.87118	223.7	0.12882	12.234	0.00094943	2	0	-16.785	-22.202	0.0044397	0.0010075	13.327
212	0	0	1	0	0	0	1	0	0	0	0	1	0	0
213	0	0	1	0	0	0	1	0	0	0	0	1	0	0
214	0	0	1	0	0	0	1	0	0	0	0	1	0	0
215	32.453	5.2729e-05	1	1.1518	0	0	0.66667	0	0	-8.7484	-8.7484	1	32.204	5.5509e-05
216	0.00013402	6.7952e-05	0.49531	6.099	0.50469	0.59024	0.40566	1	0	-9.2941	-9.3274	0.96727	0.00013029	2.7159
217	0	0	1	0	0	0	1	0	0	0	0	1	0	0
218	0.00020856	9.5633e-05	0.9026	85.281	0.097399	1.6522	0.2201	1	0	-9.4176	-9.916	0.60755	0.00018665	3.1018
219	0	0	1	0	0	0	1	0	0	0	0	1	0	0
220	0	0	1	0	0	0	1	0	0	0	0	1	0	0
221	0.002929	7.3224e-07	0.01	2.6343	0.99	0.069409	0.59182	1	0	-8.904	-8.9	1	0.002929	2.6343
222	0	0	1	0	0	0	1	0	0	0	0	1	0	0
223	0.062703	1.5676e-05	0.01	3.5639	0.99	0.41089	0.45503	1	0	-7.5881	-7.585	1	0.062703	3.5639
224	0	0	1	0	0	0	1	0	0	0	0	1	0	0
225	0	0	1	0	0	0	1	0	0	0	0	1	0	0
226	0	0	1	0	0	0	1	0	0	0	0	1	0	0
227	8.5408	0.00060053	0.70984	16.303	0.29016	0.05222	0.60299	1	0	-13.231	-13.356	0.8823	9.2054	3.1572
228	0.00054536	0.00027651	0.49531	7.5885	0.50469	0.51281	0.42591	1	0	-9.2469	-9.3044	0.94408	0.00052999	3.3481
229	0.00074263	0	0.78324	291.35	0.21676	2.6528	0.12833	2	0	-21.68	-22.919	0.28964	10.275	17.708
230	3.0793e-05	1.7036e-05	0.57691	25.11	0.42309	1.8401	0.1986	1	0	-15.529	-15.65	0.88609	4.3946e-05	8.0869
231	1.9218e-05	9.1763e-06	0.8536	190.77	0.1464	7.6742	0.0095843	2	0	-16.229	-18.901	0.06915	1.9433e-05	13.19
232	26.719	3.5706	0.88695	3.4003	0.11305	0	0.66667	0	0	-13.029	-13.028	1	27.294	3.5158
233	3.1401e-05	1.6749e-05	0.48652	6.4755	0.51348	0.3994	0.45851	1	0	-8.185	-8.2066	0.97861	3.1132e-05	2.9376
234	6.6322	4.5857	0.76752	8.8851	0.23248	-0.01151	0.66667	0	0	-15.813	-15.805	1	7.3275	5.0748
235	7.2337e-05	1.8084e-08	0.01	2.5007	0.99	0.51795	0.42452	1	0	-7.5501	-7.5463	1	7.2337e-05	2.5007
236	0.00012783	3.1957e-08	0.01	3.7459	0.99	0.73853	0.37049	1	0	-8.7449	-8.7408	1	0.00012783	3.7459
237	0	0	1	0	0	0	1	0	0	0	0	1	0	0
238	0.00036926	9.2316e-08	0.01	3.5872	0.99	0.71877	0.37494	1	0	-8.2921	-8.289	1	0.00036926	3.5872
239	2.0571e-05	5.1427e-09	0.01	3.4417	0.99	0.4052	0.45675	1	0	-7.5286	-7.5253	1	2.0571e-05	3.4417
240	0	0	1	0	0	0	1	0	0	0	0	1	0	0
241	1.7091e-05	8.6664e-06	0.88168	63.487	0.11832	0.92932	0.33091	1	0	-9.7899	-10.021	0.7934	2.9816e-05	3.9817
242	10.296	3.3054	0.87733	3.2681	0.12267	0	0.66667	0	0	-12.173	-12.173	1	10.185	3.2581
243	0	0	1	0	0	0	1	0	0	0	0	1	0	0
244	0	0	1	0	0	0	1	0	0	0	0	1	0	0
245	14.711	7.2849	0.85495	260.82	0.14505	1.3701	0.25736	0	0	-17.99	-18.619	0.53298	18.015	26.84
246	0.025119	6.2797e-06	0.01	7.4902	0.99	0.36403	0.46953	0	0	-8.1404	-8.1402	1	0.025119	7.4902
247	0.019639	4.9099e-06	0.01	7.3957	0.99	0.43131	0.44894	0	0	-8.4346	-8.4343	1	0.019639	7.3957
248	15.925	3.4538e-05	1	0.64153	0	0	0.66667	0	0	-9.6711	-9.6711	1	16.029	3.5717e-05
249	18.872	0.0015253	0.010162	21.831	0.98984	0.023047	0.62627	1	0	-25.348	-25.344	1	18.902	21.426
250	4.5025e-05	1.1256e-08	0.01	3.142	0.99	0.64149	0.39301	1	0	-8.363	-8.3598	1	4.5025e-05	3.142
251	18.875	8.7746	0.84989	9.6855	0.15011	0	0.66667	0	0	-17.086	-17.085	1	18.238	9.0365
252	3.2951	0.51496	0.74681	60.609	0.25319	1.0982	0.30014	1	0	-14.972	-15.29	0.7279	6.6254	14.657
253	11.249	0.0052956	0.57865	9.4808	0.42135	0	0.66667	0	0	-10.883	-10.912	0.97064	11.259	3.3488
254	12.351	0.00013508	1	0.8539	0	0	0.66667	0	0	-12.034	-12.034	1	12.287	0.00014256
255	11.006	0.00022763	1	0.52726	0	0	0.66667	0	0	-6.278	-6.278	0.99996	10.78	0.00023212
256	8.1707e-05	2.0427e-08	0.01	19.816	0.99	0.71936	0.3748	0	0	-6.3861	-6.3831	1	8.1707e-05	19.816
257	0	0	1	0	0	0	1	0	0	0	0	1	0	0
258	0	0	1	0	0	0	1	0	0	0	0	1	0	0
259	570.63	0.0021762	0.73463	0.41099	0.26537	0	0.66667	0	0	-7.6209	-7.6147	1	640.51	0.0024383
260	0.00077114	0.00040288	0.7328	14.93	0.2672	0.55542	0.41459	1	0	-8.6548	-8.7646	0.89605	0.0008105	2.8817
261	0.013819	0.0058813	0.6693	16.11	0.3307	1.8363	0.19901	1	0	-9.5619	-9.8561	0.74511	0.025119	7.4902
262	5.6161	0.0004359	0.010155	13.089	0.98984	0.54867	0.41635	1	0	-18.27	-18.273	0.99647	5.5566	12.868
263	5.783	2.6891	0.9491	970.33	0.050901	1.507	0.23847	1	0	-14.699	-15.363	0.51433	5.0453	9.265
264	0.0076374	0.0016888	0.9363	530.4	0.063695	8.6642	0.0057915	1	0	-12.235	-16.402	0.015503	3.818	14.593
265	4.7871e-06	2.4646e-06	0.47734	7.0451	0.52266	1.0616	0.30651	1	0	-9.2006	-9.208	0.99261	4.5144e-06	3.367
266	6.4225e-05	3.2481e-05	0.90959	80.628	0.090414	1.5986	0.2267	1	0	-10.123	-10.65	0.59008	0.00016555	2.6471
267	5.7339e-07	1.4335e-10	0.01	2.6765	0.99	0.46359	0.43959	1	0	-8.9422	-8.9391	1	5.7339e-07	2.6765
268	0	0	1	0	0	0	1	0	0	0	0	1	0	0
269	0.0037857	9.4642e-07	0.01	2.9058	0.99	0.30714	0.4883	1	0	-7.6839	-7.68	1	0.0037857	2.9058
270	0	0	1	0	0	0	1	0	0	0	0	1	0	0
271	6.2229	0.00026899	1	0.44055	0	0	0.66667	0	0	-6.5626	-6.5626	1	6.2063	0.00026992
272	11.622	3.208	0.87192	2.9858	0.12808	0	0.66667	0	0	-8.3947	-8.3941	1	11.974	3.2106
273	0.00036572	9.143e-08	0.01	5.8163	0.99	0.71672	0.3754	2	0	-13.318	-13.311	1	0.00036572	5.8163
274	8.344e-05	3.9881e-05	0.83305	33.98	0.16695	1.5041	0.23886	1	0	-10.016	-10.279	0.76845	9.03e-05	3.0023
275	0	0	1	0	0	0	1	0	0	0	0	1	0	0
276	0	0	1	0	0	0	1	0	0	0	0	1	0	0
277	0.00030996	7.7489e-08	0.01	3.3089	0.99	0.85943	0.34476	1	0	-7.9538	-7.9506	1	0.00030996	3.3089
278	2.3312e-08	1.087e-08	0.88068	53.794	0.11932	1.0958	0.30055	1	0	-9.2375	-9.6184	0.68321	2.9242e-08	2.8602
279	6.8098	0	0.0105	10.749	0.9895	0.15795	0.54614	1	0	-15.279	-15.28	0.99924	6.8098	10.749
280	0.0014579	8.7393e-08	0.01012	15.859	0.98988	3.1605	0.098137	1	0	-18.59	-18.591	0.9985	0.0014223	15.541
281	0.0075461	0.0037709	0.49085	24.035	0.50915	1.3832	0.25548	0	0	-13.679	-13.875	0.82237	0.0075964	9.5822
282	0	0	1	0	0	0	1	0	0	0	0	1	0	0
283	0	0	1	0	0	0	1	0	0	0	0	1	0	0
284	0	0	1	0	0	0	1	0	0	0	0	1	0	0
285	0	0	1	0	0	0	1	0	0	0	0	1	0	0
286	0	0	1	0	0	0	1	0	0	0	0	1	0	0
287	0	0	1	0	0	0	1	0	0	0	0	1	0	0
288	0	0	1	0	0	0	1	0	0	0	0	1	0	0
289	0.00043783	0.000209	0.83892	41.746	0.16108	0.97795	0.32167	1	0	-10.56	-10.841	0.75539	0.00047587	3.5284
290	0	0	1	0	0	0	1	0	0	0	0	1	0	0
291	0	0	1	0	0	0	1	0	0	0	0	1	0	0
292	9.4557	0.00022048	1	0.38384	0	0	0.66667	0	0	-10.262	-10.262	0.99999	9.5147	0.00023203
293	0	0	1	0	0	0	1	0	0	0	0	1	0	0
294	0	0	1	0	0	0	1	0	0	0	0	1	0	0
295	0.0016155	4.0387e-07	0.01	2.7688	0.99	0.27896	0.49815	1	0	-8.8168	-8.8138	1	0.0016155	2.7688
296	0	0	1	0	0	0	1	0	0	0	0	1	0	0
297	0.00012307	6.2769e-05	0.79733	23.109	0.20267	0.67418	0.38522	1	0	-9.4568	-9.6143	0.85427	0.00011821	3.1368
298	6.8846	6.6172e-05	1	0.35633	0	0	0.66667	0	0	-7.1939	-7.1939	0.99992	6.8237	6.8425e-05
299	0.0001047	2.6174e-08	0.01	2.9368	0.99	0.33127	0.48017	1	0	-6.5653	-6.5616	1	0.0001047	2.9368
300	0	0	1	0	0	0	1	0	0	0	0	1	0	0
301	0	0	1	0	0	0	1	0	0	0	0	1	0	0
302	5.9427	9.9982e-06	1	0.33243	0	0	0.66667	0	0	-9.1533	-9.1533	1	5.9279	1.0222e-05
303	0	0	1	0	0	0	1	0	0	0	0	1	0	0
304	0	0	1	0	0	0	1	0	0	0	0	1	0	0
305	0	0	1	0	0	0	1	0	0	0	0	1	0	0
306	0	0	1	0	0	0	1	0	0	0	0	1	0	0
307	0	0	1	0	0	0	1	0	0	0	0	1	0	0
308	0	0	1	0	0	0	1	0	0	0	0	1	0	0
309	0.0015284	3.821e-07	0.01	3.0669	0.99	0.18762	0.5333	1	0	-7.4733	-7.4696	1	0.0015284	3.0669
310	10.611	3.2983e-07	1	0.80704	0	0	0.66667	0	0	-12.788	-12.788	1	10.559	3.482e-07
311	0.00023512	0.00013403	0.9321	211.66	0.067904	2.2807	0.15652	1	0	-10.516	-11.305	0.45421	0.00057476	3.0653
312	0.027556	0.015009	0.65006	13.258	0.34994	0.44322	0.44546	1	0	-11.457	-11.674	0.80464	1.4315	6.0863
313	0	0	1	0	0	0	1	0	0	0	0	1	0	0
314	8.1743	8.6941e-06	1	0.37964	0	0	0.66667	0	0	-7.7836	-7.7837	0.99993	8.0973	8.985e-06
315	0	0	1	0	0	0	1	0	0	0	0	1	0	0
316	0	0	1	0	0	0	1	0	0	0	0	1	0	0
317	0	0	1	0	0	0	1	0	0	0	0	1	0	0
318	0	0	1	0	0	0	1	0	0	0	0	1	0	0
319	0	0	1	0	0	0	1	0	0	0	0	1	0	0
320	0	0	1	0	0	0	1	0	0	0	0	1	0	0
321	0	0	1	0	0	0	1	0	0	0	0	1	0	0
322	0	0	1	0	0	0	1	0	0	0	0	1	0	0
323	0	0	1	0	0	0	1	0	0	0	0	1	0	0
324	0.0010964	2.7409e-07	0.01	3.3666	0.99	0.38862	0.46182	1	0	-7.7125	-7.7096	1	0.0010964	3.3666
325	0	0	1	0	0	0	1	0	0	0	0	1	0	0
326	7.0805	0.041183	1	0.71991	0	0	0.66667	0	0	-8.4538	-8.4567	0.99707	7.7599	0.048045
327	0	0	1	0	0	0	1	0	0	0	0	1	0	0
328	0	0	1	0	0	0	1	0	0	0	0	1	0	0
329	0	0	1	0	0	0	1	0	0	0	0	1	0	0
330	0	0	1	0	0	0	1	0	0	0	0	1	0	0
331	0	0	1	0	0	0	1	0	0	0	0	1	0	0
332	0	0	1	0	0	0	1	0	0	0	0	1	0	0
333	0	0	1	0	0	0	1	0	0	0	0	1	0	0
334	6.993	1.4486e-07	1	0.64926	0	0	0.66667	0	0	-7.389	-7.389	1	6.9884	1.5025e-07
335	0.017635	0.0094734	0.74316	54.917	0.25684	2.8386	0.1163	0	0	-13.443	-14.039	0.55085	0.016631	7.5982
336	0.00028915	0.00015384	0.74118	17.081	0.25882	0.75695	0.36642	1	0	-8.3679	-8.4979	0.87805	0.00034147	3.0451
337	0	0	1	0	0	0	1	0	0	0	0	1	0	0
338	1.9324e-05	1.0534e-05	0.60812	44.788	0.39188	4.6743	0.044607	2	0	-18.087	-18.871	0.4566	4.2889e-05	10.322
339	0.00012382	3.0954e-08	0.01	3.3534	0.99	0.63985	0.3934	1	0	-6.9391	-6.9353	1	0.00012382	3.3534
340	0	0	1	0	0	0	1	0	0	0	0	1	0	0
341	0	0	1	0	0	0	1	0	0	0	0	1	0	0
342	0	0	1	0	0	0	1	0	0	0	0	1	0	0
343	0	0	1	0	0	0	1	0	0	0	0	1	0	0
344	0	0	1	0	0	0	1	0	0	0	0	1	0	0
345	0	0	1	0	0	0	1	0	0	0	0	1	0	0
346	0	0	1	0	0	0	1	0	0	0	0	1	0	0
347	0	0	1	0	0	0	1	0	0	0	0	1	0	0
348	0.00029372	0.00015667	0.48652	7.5748	0.51348	1.0338	0.31145	1	0	-9.2802	-9.3214	0.95966	0.00029117	3.4172
349	0	0	1	0	0	0	1	0	0	0	0	1	0	0
350	0	0	1	0	0	0	1	0	0	0	0	1	0	0
351	9.7494	2.223e-05	1	0.74301	0	0	0.66667	0	0	-9.0406	-9.0406	1	9.742	2.3054e-05
352	2.9857e-05	7.4642e-09	0.01	3.8422	0.99	0.68495	0.3827	1	0	-6.8558	-6.8522	1	2.9857e-05	3.8422
353	195.78	0.00019903	1	1.4296	0	0	0.66667	0	0	-18.093	-18.093	1	193.94	0.00021813
354	12.538	3.9291	0.91328	3.1842	0.086725	0	0.66667	0	0	-11.931	-11.931	1	12.38	3.8896
355	0.00010098	2.5245e-08	0.01	4.6112	0.99	0.90551	0.33555	1	0	-7.6495	-7.6465	1	0.00010098	4.6112
356	0	0	1	0	0	0	1	0	0	0	0	1	0	0
357	74.108	10.039	0.84677	10.918	0.15323	0	0.66667	0	0	-22.115	-22.111	1	79.206	9.7325
358	25.022	8.1022	0.83968	8.5393	0.16032	0	0.66667	0	0	-24.28	-24.279	1	25.268	7.8413
359	0.00038629	9.6572e-08	0.01	11.332	0.99	3.1579	0.09827	0	0	-17.379	-17.368	1	0.00038629	11.332
360	13.021	0.00012204	1	0.57759	0	0	0.66667	0	0	-8.3324	-8.3324	1	12.975	0.00012236
361	0.0033165	0	0.01	15.1	0.99	2.5233	0.13749	1	0	-13.984	-13.979	1	0.0033165	15.1
362	9.5724	6.9578	0.90665	8.3813	0.093353	0	0.66667	0	0	-11.546	-11.543	1	9.7535	6.841
363	0	0	1	0	0	0	1	0	0	0	0	1	0	0
364	0	0	1	0	0	0	1	0	0	0	0	1	0	0
365	9.6101	1.1053e-07	1	0.39663	0	0	0.66667	0	0	-8.7161	-8.7161	1	9.5816	1.1295e-07
366	0.025696	6.4241e-06	0.01	7.0849	0.99	1.1453	0.29216	0	0	-10.501	-10.494	1	0.025696	7.0849
367	0	0	1	0	0	0	1	0	0	0	0	1	0	0
368	6.3027	3.2267e-05	1	0.33128	0	0	0.66667	0	0	-6.6102	-6.6102	1	6.3365	3.3929e-05
369	0	0	1	0	0	0	1	0	0	0	0	1	0	0
370	0	0	1	0	0	0	1	0	0	0	0	1	0	0
371	0	0	1	0	0	0	1	0	0	0	0	1	0	0
372	0	0	1	0	0	0	1	0	0	0	0	1	0	0
373	9.7228	4.2738	0.83239	4.2579	0.16761	0	0.66667	0	0	-9.5884	-9.5884	1	9.6589	4.2385
374	0.083364	2.0841e-05	0.01	3.3465	0.99	0.60629	0.40164	1	0	-8.2882	-8.285	1	0.083364	3.3465
375	0.073693	0.033834	0.72791	55.063	0.27209	1.3059	0.2668	2	0	-16.484	-17.06	0.5619	6.6488	12.852
376	5.9147	0.0014787	0.01	14.298	0.99	0.61921	0.39844	1	0	-19.371	-19.364	1	5.9147	14.298
377	14.744	0.0012252	0.010166	25.038	0.98983	0.34185	0.47669	1	0	-26.33	-26.329	1	14.905	24.664
378	0.0022779	0.0011817	0.51875	9.9484	0.48125	1.3229	0.26426	1	0	-8.5409	-8.6545	0.89259	0.0024681	6.1939
379	0.00097201	0	0.01	22.255	0.99	1.9959	0.18248	1	0	-22.122	-22.119	1	0.00097201	22.255
380	6.751	0	0.25791	10.003	0.74209	0.021373	0.6279	1	0	-12.236	-12.368	0.8771	7.1855	7.994
381	7.0161e-07	3.508e-07	0.8	26.717	0.2	1.0599	0.30681	1	0	-9.4579	-9.6427	0.8313	7.0161e-07	3.3397
382	0	0	1	0	0	0	1	0	0	0	0	1	0	0
383	1.5613e-05	3.9033e-09	0.01	3.2176	0.99	1.0252	0.313	1	0	-7.7704	-7.7668	1	1.5613e-05	3.2176
384	4.5098e-07	1.1274e-10	0.01	3.2907	0.99	0.57942	0.4084	1	0	-7.3001	-7.2969	1	4.5098e-07	3.2907
385	5.8528	0.006823	0.54877	8.0421	0.45123	0.0049698	0.6489	0	0	-12.589	-12.606	0.98297	5.8438	3.3173
386	0.0056255	3.8715e-07	0.010138	3.2031	0.98986	0.69536	0.38029	1	0	-6.9081	-6.9046	1	0.0054626	3.2954
387	0.0010857	0.00055602	0.49297	7.6014	0.50703	0.67305	0.38549	1	0	-9.5999	-9.6522	0.94903	0.001091	3.263
388	0	0	1	0	0	0	1	0	0	0	0	1	0	0
389	6.3268e-05	3.7925e-09	0.01012	10.408	0.98988	1.6955	0.21493	1	0	-11.614	-11.614	1	6.1766e-05	10.23
390	0.00028793	7.1983e-08	0.01	3.1196	0.99	0.37611	0.46572	1	0	-6.2686	-6.2648	1	0.00028793	3.1196
391	0.015683	3.9208e-06	0.01	7.8794	0.99	0.96376	0.32433	2	0	-11.811	-11.804	1	0.015683	7.8794
392	0	0	1	0	0	0	1	0	0	0	0	1	0	0
393	0	0	1	0	0	0	1	0	0	0	0	1	0	0
394	0.00026656	6.664e-08	0.01	14.088	0.99	3.7916	0.070525	1	0	-14.868	-14.862	1	0.00026656	14.088
395	0.00012672	0	0.01	25.37	0.99	1.302	0.26738	2	0	-22.083	-22.08	1	0.00012672	25.37
396	8.6837	0	0.01	10.754	0.99	0.033395	0.6171	1	0	-13.759	-13.756	1	8.6837	10.754
397	0.032157	8.0392e-06	0.01	7.2786	0.99	0.62782	0.39633	1	0	-12.923	-12.915	1	0.032157	7.2786
398	0.00028793	7.1983e-08	0.01	3.1196	0.99	0.37611	0.46572	1	0	-6.2686	-6.2648	1	0.00028793	3.1196
399	10.09	7.569	0.82942	14.631	0.17058	-0.0060269	0.66667	0	0	-15.543	-15.54	1	10.264	8.3695
400	12.813	0.0032032	0.01	24.668	0.99	0.26839	0.50195	1	0	-25.429	-25.421	1	12.813	24.668
401	0.00015213	7.2782e-05	0.62532	37.434	0.37468	3.347	0.08898	2	0	-15.309	-15.82	0.59994	0.00024151	17.082
402	42.371	0.067415	0.62785	14.965	0.37215	0	0.66667	0	0	-16.649	-16.859	0.81042	43.374	7.0578
403	0.00013754	7.1392e-05	0.78426	112.28	0.21574	3.8977	0.066733	1	0	-16.768	-17.572	0.4475	0.0001397	21.697
404	0.0016808	0	0.24543	16.633	0.75457	0.49058	0.43201	2	0	-16.079	-16.156	0.92562	0.0016915	13.668
405	8.6515	4.7424	0.48934	55.023	0.51066	1.4936	0.24025	0	0	-24.123	-24.212	0.91476	8.1429	28.691
406	31.442	0.054331	0.56236	17.192	0.43764	0	0.66667	0	0	-17.473	-17.678	0.81474	32.425	5.5406
407	3.2643e-05	8.1609e-09	0.01	7.1905	0.99	1.8918	0.19309	1	0	-11.597	-11.59	1	3.2643e-05	7.1905
408	0.00012382	3.0954e-08	0.01	3.3534	0.99	0.63985	0.3934	1	0	-6.9391	-6.9353	1	0.00012382	3.3534
409	5.9067	4.6854e-05	1	0.33576	0	0	0.66667	0	0	-9.6164	-9.6164	0.99998	5.8572	4.8473e-05
410	0.006793	0.0040339	0.65731	69.968	0.34269	3.2105	0.095592	1	0	-17.688	-18.612	0.39674	0.0071485	12.542
411	0	0	1	0	0	0	1	0	0	0	0	1	0	0
412	0	0	1	0	0	0	1	0	0	0	0	1	0	0
413	5.4234	1.672e-05	1	0.32046	0	0	0.66667	0	0	-10.534	-10.534	1	5.4103	1.7095e-05
414	0	0	1	0	0	0	1	0	0	0	0	1	0	0
415	0	0	1	0	0	0	1	0	0	0	0	1	0	0
416	0	0	1	0	0	0	1	0	0	0	0	1	0	0
417	0	0	1	0	0	0	1	0	0	0	0	1	0	0
418	0	0	1	0	0	0	1	0	0	0	0	1	0	0
419	0	0	1	0	0	0	1	0	0	0	0	1	0	0
420	0	0	1	0	0	0	1	0	0	0	0	1	0	0
421	0	0	1	0	0	0	1	0	0	0	0	1	0	0
422	0.00017984	7.2302e-05	0.88617	62.552	0.11383	1.4598	0.2448	1	0	-9.54	-9.9515	0.66264	0.00018665	3.1018
423	5.9899	5.4216e-06	1	0.33347	0	0	0.66667	0	0	-6.8428	-6.8428	0.99999	5.9749	5.5428e-06
424	0	0	1	0	0	0	1	0	0	0	0	1	0	0
425	0	0	1	0	0	0	1	0	0	0	0	1	0	0
426	9.6789e-07	2.4197e-10	0.01	9.5517	0.99	2.2065	0.16289	1	0	-14.268	-14.256	1	9.6789e-07	9.5517
427	0	0	1	0	0	0	1	0	0	0	0	1	0	0
428	25.311	1.7954e-05	1	0.52452	0	0	0.66667	0	0	-6.5991	-6.5991	0.99998	25.2	1.8321e-05
429	0	0	1	0	0	0	1	0	0	0	0	1	0	0
430	0.072607	1.8152e-05	0.01	3.5877	0.99	0.58272	0.40756	1	0	-8.6196	-8.6162	1	0.072607	3.5877
431	0	0	1	0	0	0	1	0	0	0	0	1	0	0
432	10.913	2.7889e-05	1	0.38095	0	0	0.66667	0	0	-6.7414	-6.7414	1	11.132	3.0406e-05
433	0	0	1	0	0	0	1	0	0	0	0	1	0	0
434	0	0	1	0	0	0	1	0	0	0	0	1	0	0
435	1.5613e-05	3.9033e-09	0.01	3.2176	0.99	1.0252	0.313	1	0	-7.7704	-7.7668	1	1.5613e-05	3.2176
436	1.9862e-05	1.0303e-05	0.51875	9.3989	0.48125	0.97003	0.32315	1	0	-10.14	-10.251	0.89506	2.1447e-05	5.823
437	0.00090766	0	0.2493	11.21	0.7507	1.0746	0.30422	1	0	-9.0555	-9.1134	0.94366	0.00097319	8.9403
438	7.6256	3.3168	0.88778	2.8001	0.11222	0	0.66667	0	0	-9.5917	-9.5909	1	7.5647	3.2765
439	0.027057	0.013253	0.54858	19.475	0.45142	1.1443	0.29234	1	0	-12.508	-12.693	0.83111	0.030613	6.6812
440	8.0867	0.011206	0.54516	9.1184	0.45484	0.00052547	0.66108	1	0	-11.743	-11.755	0.98769	8.1644	3.4409
441	0	0	1	0	0	0	1	0	0	0	0	1	0	0
442	1.1446e-05	5.8738e-06	0.54679	16.065	0.45321	1.322	0.26439	0	0	-15.11	-15.348	0.78752	1.4784e-05	5.3794
443	29.298	0.00012957	1	1.121	0	0	0.66667	0	0	-6.7254	-6.7255	0.99987	29.083	0.00013645
444	49.048	3.1746	0.92577	6.3276	0.074227	0	0.66667	0	0	-22.557	-22.557	0.99994	49.704	3.4297
445	0	0	1	0	0	0	1	0	0	0	0	1	0	0
446	0	0	1	0	0	0	1	0	0	0	0	1	0	0
447	0	0	1	0	0	0	1	0	0	0	0	1	0	0
448	0	0	1	0	0	0	1	0	0	0	0	1	0	0
449	9.382	1.622e-06	1	0.39339	0	0	0.66667	0	0	-9.9255	-9.9255	0.99998	9.3543	1.6575e-06
450	5.3447	9.8125e-05	1	0.31032	0	0	0.66667	0	0	-6.7614	-6.7614	0.99999	5.3718	0.00010315
451	0	0	1	0	0	0	1	0	0	0	0	1	0	0
452	0	0	1	0	0	0	1	0	0	0	0	1	0	0
453	0	0	1	0	0	0	1	0	0	0	0	1	0	0
454	0	0	1	0	0	0	1	0	0	0	0	1	0	0
455	7.7317e-05	1.9329e-08	0.01	3.3043	0.99	0.68884	0.3818	1	0	-6.9068	-6.9031	1	7.7317e-05	3.3043
456	0	0	1	0	0	0	1	0	0	0	0	1	0	0
457	12.408	4.2305e-05	1	0.8127	0	0	0.66667	0	0	-6.8073	-6.8073	1	12.397	4.3871e-05
458	5.3569e-05	1.3392e-08	0.01	3.061	0.99	0.45024	0.44342	1	0	-6.5221	-6.5184	1	5.3569e-05	3.061
459	0	0	1	0	0	0	1	0	0	0	0	1	0	0
460	0.00012592	3.1479e-08	0.01	3.5956	0.99	0.76849	0.36389	1	0	-8.2243	-8.2211	1	0.00012592	3.5956
461	43.853	3.916	0.91359	4.3464	0.086407	0	0.66667	0	0	-14.354	-14.353	1	42.691	3.9475
462	8.278e-05	2.0695e-08	0.01	3.0204	0.99	0.97839	0.32159	1	0	-7.6586	-7.6549	1	8.278e-05	3.0204
463	13.943	3.7983e-07	1	0.84669	0	0	0.66667	0	0	-8.5197	-8.5197	1	13.931	3.9387e-07
464	0	0	1	0	0	0	1	0	0	0	0	1	0	0
465	29.989	0.01415	1	0.36135	0	0	0.66667	0	0	-13.041	-13.04	1	29.913	0.011596
466	0	0	1	0	0	0	1	0	0	0	0	1	0	0
467	0	0	1	0	0	0	1	0	0	0	0	1	0	0
468	8.6013	3.3208	0.89869	3.2456	0.10131	0	0.66667	0	0	-10.118	-10.118	1	8.54	3.3671
469	33.638	0.00010586	1	1.1756	0	0	0.66667	0	0	-12.437	-12.437	0.99999	33.727	0.00011252
470	0	0	1	0	0	0	1	0	0	0	0	1	0	0
471	4.1311e-05	1.0328e-08	0.01	3.0348	0.99	0.19034	0.53217	1	0	-7.5015	-7.4977	1	4.1311e-05	3.0348
472	0	0	1	0	0	0	1	0	0	0	0	1	0	0
473	0	0	1	0	0	0	1	0	0	0	0	1	0	0
474	2.9749e-05	1.1652e-05	0.92757	141.87	0.072433	1.9807	0.184	1	0	-10.091	-10.804	0.49021	0.00032607	2.6754
475	0	0	1	0	0	0	1	0	0	0	0	1	0	0
476	0	0	1	0	0	0	1	0	0	0	0	1	0	0
477	8.049	3.5026	0.82251	3.4111	0.17749	0	0.66667	0	0	-9.6737	-9.6733	1	8.3274	3.5249
478	0	0	1	0	0	0	1	0	0	0	0	1	0	0
479	0	0	1	0	0	0	1	0	0	0	0	1	0	0
480	0.00012783	3.1957e-08	0.01	3.7459	0.99	0.56895	0.41109	1	0	-7.591	-7.5883	1	0.00012783	3.7459
481	0	0	1	0	0	0	1	0	0	0	0	1	0	0
482	0	0	1	0	0	0	1	0	0	0	0	1	0	0
483	0	0	1	0	0	0	1	0	0	0	0	1	0	0
484	0.00037561	0.00019088	0.79802	25.477	0.20198	0.93911	0.32902	1	0	-9.6564	-9.8711	0.80681	0.0003634	3.0561
485	0	0	1	0	0	0	1	0	0	0	0	1	0	0
486	2.4988e-05	1.3251e-05	0.69036	16.266	0.30964	0.93339	0.33012	1	0	-9.5505	-9.6374	0.91678	2.2233e-05	3.6588
487	0	0	1	0	0	0	1	0	0	0	0	1	0	0
488	0	0	1	0	0	0	1	0	0	0	0	1	0	0
489	0	0	1	0	0	0	1	0	0	0	0	1	0	0
490	0	0	1	0	0	0	1	0	0	0	0	1	0	0
491	0	0	1	0	0	0	1	0	0	0	0	1	0	0
492	0	0	1	0	0	0	1	0	0	0	0	1	0	0
493	0	0	1	0	0	0	1	0	0	0	0	1	0	0
494	70.014	2.5566	0.92648	2.6859	0.073521	0	0.66667	0	0	-14.161	-14.161	1	71.107	2.5187
495	0	0	1	0	0	0	1	0	0	0	0	1	0	0
496	10.908	2.2267e-05	1	0.36739	0	0	0.66667	0	0	-6.2036	-6.2036	1	10.884	2.3214e-05
497	0	0	1	0	0	0	1	0	0	0	0	1	0	0
498	0	0	1	0	0	0	1	0	0	0	0	1	0	0
499	10.112	8.1752	0.87553	7.4348	0.12447	0	0.66667	0	0	-14.869	-14.867	1	10.454	7.798
500	0	0	1	0	0	0	1	0	0	0	0	1	0	0
501	0	0	1	0	0	0	1	0	0	0	0	1	0	0
502	0	0	1	0	0	0	1	0	0	0	0	1	0	0
503	0	0	1	0	0	0	1	0	0	0	0	1	0	0
504	9.993	6.9734e-07	1	0.40189	0	0	0.66667	0	0	-7.8232	-7.8232	0.99999	9.9628	7.1256e-07
505	0	0	1	0	0	0	1	0	0	0	0	1	0	0
506	14.723	0.00010853	1	0.90847	0	0	0.66667	0	0	-11.125	-11.125	1	14.641	0.00011449
507	3.8932e-05	2.3337e-09	0.01012	10.915	0.98988	2.9117	0.11189	0	0	-14.819	-14.807	1	3.8009e-05	10.725
508	0	0	1	0	0	0	1	0	0	0	0	1	0	0
509	0	0	1	0	0	0	1	0	0	0	0	1	0	0
510	0.042058	0.017943	0.89746	72.986	0.10254	1.0696	0.30511	1	0	-10.355	-10.661	0.7367	0.062703	3.5639
511	67.919	3.1456	0.91314	3.349	0.086863	0	0.66667	0	0	-12.035	-12.034	1	68.89	3.1443
512	6.5432	6.9974e-05	1	0.34514	0	0	0.66667	0	0	-6.3797	-6.3797	1	6.5263	7.1532e-05
513	0.00050248	0.00024925	0.82514	32.164	0.17486	1.1898	0.28486	1	0	-9.3232	-9.5671	0.78357	0.00057476	3.0653
514	0	0	1	0	0	0	1	0	0	0	0	1	0	0
515	55.641	0.056657	0.5735	22.341	0.4265	0	0.66667	0	0	-17.718	-17.931	0.80878	55.707	7.1975
516	50.169	0.00011676	1	1.2934	0	0	0.66667	0	0	-9.687	-9.687	0.99997	50.328	0.00012416
517	0.0205	0.010598	0.85704	182.69	0.14296	4.9616	0.038456	2	0	-14.85	-16.269	0.24199	0.025862	7.0283
518	0	0	1	0	0	0	1	0	0	0	0	1	0	0
519	9.2491	2.561e-05	1	0.38096	0	0	0.66667	0	0	-9.2561	-9.2562	0.99999	9.3063	2.695e-05
520	10.393	0	0.87149	42.76	0.12851	0.30379	0.48945	1	0	-13.381	-13.735	0.70194	10.339	2.7025
521	6.1788e-06	3.0909e-06	0.82049	32.019	0.17951	0.85658	0.34534	1	0	-9.6789	-9.9235	0.78298	6.3709e-06	3.123
522	0	0	1	0	0	0	1	0	0	0	0	1	0	0
523	0	0	1	0	0	0	1	0	0	0	0	1	0	0
524	0	0	1	0	0	0	1	0	0	0	0	1	0	0
525	61.288	2.9211e-05	1	0.91614	0	0	0.66667	0	0	-10.517	-10.517	1	61.443	2.6377e-05
526	7.1991e-06	1.7998e-09	0.01	3.4347	0.99	1.0785	0.30355	1	0	-8.6048	-8.6019	1	7.1991e-06	3.4347
527	0	0	1	0	0	0	1	0	0	0	0	1	0	0
528	0	0	1	0	0	0	1	0	0	0	0	1	0	0
529	0	0	1	0	0	0	1	0	0	0	0	1	0	0
530	5.9899	5.4216e-06	1	0.33347	0	0	0.66667	0	0	-7.4152	-7.4152	0.99999	5.9749	5.5428e-06
531	0.048421	0.018727	0.84079	43.801	0.15921	2.3018	0.15476	1	0	-11.315	-12.393	0.3403	2.9118	9.8491
532	0	0	1	0	0	0	1	0	0	0	0	1	0	0
533	0.00032399	0.00014831	0.59221	12.152	0.40779	1.5031	0.23899	1	0	-8.9176	-9.1109	0.82422	0.00037247	6.6026
534	31.736	3.4552	0.89357	3.5901	0.10643	0	0.66667	0	0	-15.682	-15.681	1	31.844	3.4401
535	0.0090025	2.2506e-06	0.01	10.379	0.99	1.5802	0.22901	0	0	-14.066	-14.057	1	0.0090025	10.379
536	0.00011462	5.7845e-05	0.8075	24.899	0.1925	1	0.31758	1	0	-9.8202	-10.032	0.8094	0.00011247	2.6939
537	1.5448e-07	7.5781e-08	0.94649	854.41	0.053511	3.4456	0.084501	1	0	-10.644	-11.969	0.26583	9.5314e-07	4.0659
538	0.023971	0.011694	0.52533	13.105	0.47467	0.74775	0.36845	1	0	-10.034	-10.194	0.85203	0.02464	7.5775
539	11.731	3.3475	0.89392	3.0197	0.10608	0	0.66667	0	0	-10.987	-10.987	1	11.795	3.2891
540	6.9248e-05	3.5935e-05	0.80276	28.737	0.19724	1.4774	0.24243	1	0	-10.393	-10.627	0.79182	7.4741e-05	3.2538
541	0.00029111	7.2778e-08	0.01	16.552	0.99	2.6701	0.12716	1	0	-16.327	-16.309	1	0.00029111	16.552
542	0.00041513	1.0378e-07	0.01	3.1865	0.99	0.34942	0.47422	1	0	-7.9074	-7.9041	1	0.00041513	3.1865
543	0	0	1	0	0	0	1	0	0	0	0	1	0	0
544	6.7331e-05	3.4288e-05	0.7951	20.253	0.2049	0.90003	0.33662	1	0	-9.5121	-9.7108	0.8198	6.4892e-05	2.512
545	0	0	1	0	0	0	1	0	0	0	0	1	0	0
546	0.0013739	3.4347e-07	0.01	2.648	0.99	0.51717	0.42473	1	0	-7.5136	-7.5097	1	0.0013739	2.648
547	0	0	1	0	0	0	1	0	0	0	0	1	0	0
548	0	0	1	0	0	0	1	0	0	0	0	1	0	0
549	0	0	1	0	0	0	1	0	0	0	0	1	0	0
550	0.0031276	0.0015009	0.84997	35.856	0.15003	1.1421	0.29271	1	0	-9.805	-10.095	0.74855	0.0033076	2.9622
551	0	0	1	0	0	0	1	0	0	0	0	1	0	0
552	5.3302	8.7509e-05	1	0.3182	0	0	0.66667	0	0	-8.4348	-8.4348	1	5.3174	8.9474e-05
553	15.85	0.00011891	1	0.94143	0	0	0.66667	0	0	-11.28	-11.28	0.99999	15.881	0.0001263
554	0	0	1	0	0	0	1	0	0	0	0	1	0	0
555	0	0	1	0	0	0	1	0	0	0	0	1	0	0
556	0.021967	0.010598	0.55343	13.325	0.44657	0.74283	0.36954	1	0	-10.082	-10.259	0.83782	0.025862	7.0283
557	10.307	0	0.71701	18.248	0.28299	0.068346	0.59248	1	0	-14.812	-14.971	0.85283	10.857	3.6121
558	0.0054049	1.3512e-06	0.01	13.087	0.99	1.3358	0.26236	0	0	-14.232	-14.221	1	0.0054049	13.087
559	7.2395	0	0.8831	56.113	0.1169	0.60326	0.40239	1	0	-12.58	-13.032	0.63593	7.218	2.7244
560	6.8174	0.0017044	0.01	7.394	0.99	0.0024426	0.65439	0	0	-15.685	-15.678	1	6.8174	7.394
561	0	0	1	0	0	0	1	0	0	0	0	1	0	0
562	0	0	1	0	0	0	1	0	0	0	0	1	0	0
563	40.252	1.1838e-05	1	1.1593	0	0	0.66667	0	0	-9.9036	-9.9036	1	40.281	1.2482e-05
564	8.9422	0.000768	0.010172	19.291	0.98983	0.33447	0.47911	0	0	-21.967	-21.957	1	9.1397	19.045
565	0	0	1	0	0	0	1	0	0	0	0	1	0	0
566	0.00011965	2.9913e-08	0.01	3.0077	0.99	0.3301	0.48056	1	0	-6.5314	-6.5276	1	0.00011965	3.0077
567	0	0	1	0	0	0	1	0	0	0	0	1	0	0
568	0	0	1	0	0	0	1	0	0	0	0	1	0	0
569	7.8398	0	0.8723	63.408	0.1277	0.53268	0.42058	1	0	-12.563	-12.989	0.65341	8.6104	3.2085
570	10.755	4.5655e-05	1	0.35322	0	0	0.66667	0	0	-8.8409	-8.8419	0.99909	11.237	4.9828e-05
571	0	0	1	0	0	0	1	0	0	0	0	1	0	0
572	2.54e-05	6.3499e-09	0.01	8.9256	0.99	1.296	0.26829	0	0	-10.569	-10.562	1	2.54e-05	8.9256
573	9.2544e-05	2.3136e-08	0.01	3.0585	0.99	0.81251	0.35447	1	0	-7.3909	-7.387	1	9.2544e-05	3.0585
574	0	0	1	0	0	0	1	0	0	0	0	1	0	0
575	12.422	0.0001098	1	0.43119	0	0	0.66667	0	0	-5.3534	-5.3534	0.99998	12.381	0.00011217
576	0.00029953	0.000153	0.891	132.99	0.109	2.0089	0.1812	1	0	-9.8465	-10.361	0.59803	0.00037292	5.3483
577	31.578	0.00023086	1	1.1436	0	0	0.66667	0	0	-7.0923	-7.0923	0.99998	31.339	0.00024306
578	0	0	1	0	0	0	1	0	0	0	0	1	0	0
579	0	0	1	0	0	0	1	0	0	0	0	1	0	0
580	9.7937e-05	2.4484e-08	0.01	6.6129	0.99	1.2946	0.26849	1	0	-11.346	-11.339	1	9.7937e-05	6.6129
581	13.085	5.7163	0.82794	5.9076	0.17206	0	0.66667	0	0	-14.599	-14.599	1	13.209	5.7608
582	29.606	11.283	0.85251	14.083	0.14749	0	0.66667	0	0	-18.676	-18.674	1	29.521	11.897
583	0	0	1	0	0	0	1	0	0	0	0	1	0	0
584	0.00035037	0.00018088	0.7781	65.386	0.2219	2.9775	0.10807	2	0	-15.117	-16.003	0.41246	0.00035504	5.9911
585	0	0	1	0	0	0	1	0	0	0	0	1	0	0
586	1.3581e-06	3.3953e-10	0.01	3.1039	0.99	0.33825	0.47787	1	0	-7.0004	-6.9968	1	1.3581e-06	3.1039
587	0	0	1	0	0	0	1	0	0	0	0	1	0	0
588	0	0	1	0	0	0	1	0	0	0	0	1	0	0
